param_id,param_label,copyrights,direction,description,coverage,update_frequency,spatial_resolution,temporal_extent,unit_id,is_public,emoji,downscale
populated_area_km2_next_gen,Populated area (next generation),"[""Â© Kontur https://kontur.io/"", ""Facebook Connectivity Lab and Center for International Earth Science Information Network - CIESIN - Columbia University. 2016. High Resolution Settlement Layer (HRSL). Source imagery for HRSL Â© 2016 DigitalGlobe. https://dataforgood.fb.com/tools/population-density-maps/"", ""Dataset: Schiavina M., Freire S., Carioli A., MacManus K. (2023): GHS-POP R2023A - GHS population grid multitemporal (1975-2030).European Commission, Joint Research Centre (JRC) PID: http://data.europa.eu/89h/2ff68a52-5b5b-4a22-8f40-c41da8332cfe, doi:10.2905/2FF68A52-5B5B-4A22-8F40-C41DA8332CFE Concept & Methodology: Freire S., MacManus K., Pesaresi M., Doxsey-Whitfield E., Mills J. (2016) Development of new open and free multi-temporal global population grids at 250 m resolution. Geospatial Data in a Changing World; Association of Geographic Information Laboratories in Europe (AGILE), AGILE 2016"", ""Copernicus Global Land Service: Land Cover 100 m: Marcel Buchhorn, Bruno Smets, Luc Bertels, Bert De Roo, MyroslavaLesiv, Nandin - Erdene Tsendbazar, â€¦ Steffen Fritz. (2020). Copernicus Global Land Service: Land Cover 100m: collection 3: epoch 2019: Globe (Version V3.0.1) Data set. Zenodo. http://doi.org/10.5281/zenodo.3939050"", ""Microsoft Buildings: Australia, Canada, Tanzania, Uganda, USA: This data is licensed by Microsoft under the Open Data Commons Open Database License (ODbL)."", ""NZ Building Outlines data sourced from the LINZ Data Service - https://data.linz.govt.nz/"", ""Geoalert Urban Mapping: Chechnya, Moscow region, Tyva, Tashkent, Bukhara, Samarkand, Navoi, Chirchiq - https://github.com/Geoalert/urban-mapping"", ""Â© OpenStreetMap contributors https://www.openstreetmap.org/copyright""]","[[""unimportant""], [""important""]]",Populated area according to the most recent daily build of Kontur Population dataset,World,daily,grid_fine,current_value,km2,t,ğŸ¡,proportional
population_next_gen,Population (next generation),"[""Â© Kontur https://kontur.io/"", ""Facebook Connectivity Lab and Center for International Earth Science Information Network - CIESIN - Columbia University. 2016. High Resolution Settlement Layer (HRSL). Source imagery for HRSL Â© 2016 DigitalGlobe. https://dataforgood.fb.com/tools/population-density-maps/"", ""Dataset: Schiavina M., Freire S., Carioli A., MacManus K. (2023): GHS-POP R2023A - GHS population grid multitemporal (1975-2030).European Commission, Joint Research Centre (JRC) PID: http://data.europa.eu/89h/2ff68a52-5b5b-4a22-8f40-c41da8332cfe, doi:10.2905/2FF68A52-5B5B-4A22-8F40-C41DA8332CFE Concept & Methodology: Freire S., MacManus K., Pesaresi M., Doxsey-Whitfield E., Mills J. (2016) Development of new open and free multi-temporal global population grids at 250 m resolution. Geospatial Data in a Changing World; Association of Geographic Information Laboratories in Europe (AGILE), AGILE 2016"", ""Copernicus Global Land Service: Land Cover 100 m: Marcel Buchhorn, Bruno Smets, Luc Bertels, Bert De Roo, MyroslavaLesiv, Nandin - Erdene Tsendbazar, â€¦ Steffen Fritz. (2020). Copernicus Global Land Service: Land Cover 100m: collection 3: epoch 2019: Globe (Version V3.0.1) Data set. Zenodo. http://doi.org/10.5281/zenodo.3939050"", ""Microsoft Buildings: Australia, Canada, Tanzania, Uganda, USA: This data is licensed by Microsoft under the Open Data Commons Open Database License (ODbL)."", ""NZ Building Outlines data sourced from the LINZ Data Service - https://data.linz.govt.nz/"", ""Geoalert Urban Mapping: Chechnya, Moscow region, Tyva, Tashkent, Bukhara, Samarkand, Navoi, Chirchiq - https://github.com/Geoalert/urban-mapping"", ""Â© OpenStreetMap contributors https://www.openstreetmap.org/copyright""]","[[""unimportant""], [""important""]]",Number of people living in a given area according to the most recent daily build of Kontur Population dataset. The dataset was produced by overlaying the Global Human Settlement Layer (GHSL) with available Facebook population data and constraining known artifacts using OpenStreetMap data. The datasets detailed methodology is available here: https://data.humdata.org/dataset/kontur-population-dataset,World,daily,grid_fine,current_value,ppl,t,ğŸ‘«,proportional
snow_ice,Landcover snow and ice,"[""Â© Kontur https://kontur.io/"", ""Copernicus Global Land Service: Land Cover 100 m: Marcel Buchhorn, Bruno Smets, Luc Bertels, Bert De Roo, MyroslavaLesiv, Nandin - Erdene Tsendbazar, â€¦ Steffen Fritz. (2020). Copernicus Global Land Service: Land Cover 100m: collection 3: epoch 2019: Globe (Version V3.0.1) Data set. Zenodo. http://doi.org/10.5281/zenodo.3939050""]","[[""unimportant""], [""important""]]",Snow and Ice. Lands under snow or ice cover throughout the year.,World,static,grid_fine,snapshot_year,km2,t,â„ï¸,proportional
hazardous_days_count,All disaster types exposure,"[""Events data from Kontur Event Feed (https://www.kontur.io/portfolio/event-feed)""]","[[""good"", ""unimportant""], [""bad"", ""important""]]",Number of days in the last year when severe and extreme disasters of any types were recorded.,World,daily,feature_derived,rolling_year,days,t,ğŸš¨ğŸ“…,equal
mandays_maxtemp_over_32c_1c,"Man-days above 32Â°C, (+1Â°C scenario)","[""Â© 2021 Probable Futures, a Project of the SouthCoast Community Foundation. https://probablefutures.org/, CC BY 4.0""]","[[""good""], [""bad""]]","The number of person-days per year where the temperature exceeds 32Â°C, assuming a +1Â°C climate warming scenario. Higher values indicate greater exposure to extreme heat.",World,daily,grid_fine,future_projection,other,t,ğŸŒğŸ‘¥,proportional
osm_banks_count,Banks,"[""Â© OpenStreetMap contributors https://www.openstreetmap.org/copyright""]","[[""bad""], [""good""]]",Number of banks in OpenStreetMap.,World,daily,feature_derived,current_value,n,t,ğŸ¦,proportional
total_road_length,Road length,"[""Â©2019 Facebook, Inc. and its affiliates https://github.com/facebookmicrosites/Open-Mapping-At-Facebook/blob/main/LICENSE.md"", ""Â© OpenStreetMap contributors https://www.openstreetmap.org/copyright"", ""Â© Kontur https://kontur.io/""]","[[""unimportant""], [""important""]]","Estimated total road length according to Meta (Facebook) AI and OpenStreetMap data. For places where Meta (Facebook) roads data are unavailable, the estimation is based on statistical regression from Kontur Population data.",World,daily,feature_derived,snapshot_year,km,t,ğŸ›£ï¸ğŸ“,proportional
count,OSM objects,"[""Â© OpenStreetMap contributors https://www.openstreetmap.org/copyright""]","[[""bad""], [""good""]]",Total number of objects in a given area according to OpenStreetMap.,World,daily,feature_derived,current_value,n,t,ğŸ§±,equal
count_6_months,OSM objects (edited in last 6 months),"[""Â© OpenStreetMap contributors https://www.openstreetmap.org/copyright""]","[[""bad""], [""good""]]",Number of objects mapped in OpenStreetMap in the last 6 months.,World,daily,feature_derived,rolling_6_month,n,t,ğŸ§±ğŸ†•,equal
view_count,OSM map views (last 30 days),"[""Â© OpenStreetMap contributors https://www.openstreetmap.org/copyright""]","[[""bad"", ""unimportant""], [""good"", ""important""]]",Number of tile requests in a given area for the last 30 days.,World,daily,feature_derived,rolling_month,n,t,ğŸ—ºï¸ğŸ†•,equal
avgmax_ts,OSM last edit (avg),"[""Â© OpenStreetMap contributors https://www.openstreetmap.org/copyright""]","[[""bad"", ""unimportant""], [""good""]]",Average of latest OpenStreetMap edit dates in a given area.,World,daily,feature_derived,current_value,unixtime,t,ğŸ•“ğŸ‘¥,equal
max_ts,OSM last edit,"[""Â© OpenStreetMap contributors https://www.openstreetmap.org/copyright""]","[[""bad"", ""unimportant""], [""good""]]","The date of the very latest OpenStreetMap update in the area, showing the freshest available edit.",World,daily,feature_derived,current_value,unixtime,t,ğŸ•“,equal
min_ts,OSM first edit,"[""Â© OpenStreetMap contributors https://www.openstreetmap.org/copyright""]","[[""good""], [""neutral""]]","The date when OpenStreetMap data first appeared for the area, showing how long it has been mapped.",World,daily,feature_derived,current_value,unixtime,t,ğŸ•’,equal
osm_users,OSM contributors,"[""Â© OpenStreetMap contributors https://www.openstreetmap.org/copyright""]","[[""bad""], [""good""]]",Number of users who have edited a given area in OpenStreetMap.,World,daily,feature_derived,cumulative_to_date,ppl,t,ğŸ‘¥,equal
building_count,OSM buildings,"[""Â© OpenStreetMap contributors https://www.openstreetmap.org/copyright""]","[[""bad""], [""good""]]",Total number of buildings in a given area according to OpenStreetMap.,World,daily,feature_derived,current_value,n,t,ğŸ ,proportional
building_count_6_months,OSM buildings (edited in last 6 months),"[""Â© OpenStreetMap contributors https://www.openstreetmap.org/copyright""]","[[""bad""], [""good""]]",Number of buildings mapped in OpenStreetMap in the last 6 months.,World,daily,feature_derived,rolling_6_month,n,t,ğŸ ğŸ†•,proportional
highway_length,OSM road length,"[""Â© OpenStreetMap contributors https://www.openstreetmap.org/copyright""]","[[""bad""], [""good""]]",Total length of roads in a given area according to OpenStreetMap.,World,daily,feature_derived,current_value,km,t,ğŸ›£ï¸,proportional
highway_length_6_months,OSM road length (edited in last 6 months),"[""Â© OpenStreetMap contributors https://www.openstreetmap.org/copyright""]","[[""bad""], [""good""]]",Length of roads mapped in OpenStreetMap in the last 6 months.,World,daily,feature_derived,rolling_6_month,km,t,ğŸ›£ï¸ğŸ†•,proportional
total_hours,OSM contributor activity,"[""Â© Kontur https://kontur.io/"", ""Â© OpenStreetMap contributors https://www.openstreetmap.org/copyright""]","[[""bad""], [""good""]]",Total number of OpenStreetMap mapping hours by all users in the last 2 years. A mapping hour is an hour in which a user uploaded at least one tagged object.,World,daily,feature_derived,rolling_2_years,h,t,â°,proportional
local_hours,OSM local contributor activity,"[""Â© Kontur https://kontur.io/"", ""Â© OpenStreetMap contributors https://www.openstreetmap.org/copyright""]","[[""bad""], [""good""]]",Number of OpenStreetMap mapping hours by active local mappers in the last 2 years. A mapping hour is an hour in which a user uploaded at least one tagged object. Mapper is considered active if they contributed more than 30 mapping hours in the last 2 years. The position of the active mapper is estimated by the region of their highest activity.,World,daily,feature_derived,rolling_2_years,h,t,â°ğŸ‘¤,proportional
forest,Forest landcover,"[""Â© Kontur https://kontur.io/"", ""Copernicus Global Land Service: Land Cover 100 m: Marcel Buchhorn, Bruno Smets, Luc Bertels, Bert De Roo, MyroslavaLesiv, Nandin - Erdene Tsendbazar, â€¦ Steffen Fritz. (2020). Copernicus Global Land Service: Land Cover 100m: collection 3: epoch 2019: Globe (Version V3.0.1) Data set. Zenodo. http://doi.org/10.5281/zenodo.3939050""]","[[""unimportant""], [""important""]]",Area covered by forest - where tree canopy is more than 15%.,World,static,grid_fine,snapshot_year,km2,t,ğŸŒ³,proportional
evergreen_needle_leaved_forest,Evergreen needleleaf forest landcover,"[""Â© Kontur https://kontur.io/"", ""Copernicus Global Land Service: Land Cover 100 m: Marcel Buchhorn, Bruno Smets, Luc Bertels, Bert De Roo, MyroslavaLesiv, Nandin - Erdene Tsendbazar, â€¦ Steffen Fritz. (2020). Copernicus Global Land Service: Land Cover 100m: collection 3: epoch 2019: Globe (Version V3.0.1) Data set. Zenodo. http://doi.org/10.5281/zenodo.3939050""]","[[""unimportant""], [""important""]]",Area covered by either closed or open evergreen needleleaf forest. Almost all needleleaf trees remain green all year. Canopy is never without green foliage. Closed forest has tree canopy >70%. Open forest has top layer - trees 15-70 % - and second layer - mix of shrubs and grassland.,World,static,grid_fine,snapshot_year,km2,t,ğŸŒ²,proportional
shrubs,Shrubland landcover,"[""Â© Kontur https://kontur.io/"", ""Copernicus Global Land Service: Land Cover 100 m: Marcel Buchhorn, Bruno Smets, Luc Bertels, Bert De Roo, MyroslavaLesiv, Nandin - Erdene Tsendbazar, â€¦ Steffen Fritz. (2020). Copernicus Global Land Service: Land Cover 100m: collection 3: epoch 2019: Globe (Version V3.0.1) Data set. Zenodo. http://doi.org/10.5281/zenodo.3939050""]","[[""unimportant""], [""important""]]","Shrubland, or area where vegetation is dominated by woody perennial plants generally less than 5 meters in height, with persistent and woody stems and without any defined main stem. The shrub foliage can be either evergreen or deciduous.",World,static,grid_fine,snapshot_year,km2,t,ğŸŒµ,proportional
herbage,Herbaceous vegetation landcover,"[""Â© Kontur https://kontur.io/"", ""Copernicus Global Land Service: Land Cover 100 m: Marcel Buchhorn, Bruno Smets, Luc Bertels, Bert De Roo, MyroslavaLesiv, Nandin - Erdene Tsendbazar, â€¦ Steffen Fritz. (2020). Copernicus Global Land Service: Land Cover 100m: collection 3: epoch 2019: Globe (Version V3.0.1) Data set. Zenodo. http://doi.org/10.5281/zenodo.3939050""]","[[""unimportant""], [""important""]]",Area covered by herbaceous plants. These plants have no persistent woody stems above ground and lack definite firm structure. Tree and shrub cover is less than 10%.,World,static,grid_fine,snapshot_year,km2,t,ğŸŒ¿,proportional
unknown_forest,Unknown forest type landcover,"[""Â© Kontur https://kontur.io/"", ""Copernicus Global Land Service: Land Cover 100 m: Marcel Buchhorn, Bruno Smets, Luc Bertels, Bert De Roo, MyroslavaLesiv, Nandin - Erdene Tsendbazar, â€¦ Steffen Fritz. (2020). Copernicus Global Land Service: Land Cover 100m: collection 3: epoch 2019: Globe (Version V3.0.1) Data set. Zenodo. http://doi.org/10.5281/zenodo.3939050""]","[[""unimportant""], [""important""]]",Area covered by forest that does not match defined forest types.,World,static,grid_fine,snapshot_year,km2,t,ğŸ¤”ğŸŒ²,proportional
cropland,Cropland landcover,"[""Â© Kontur https://kontur.io/"", ""Copernicus Global Land Service: Land Cover 100 m: Marcel Buchhorn, Bruno Smets, Luc Bertels, Bert De Roo, MyroslavaLesiv, Nandin - Erdene Tsendbazar, â€¦ Steffen Fritz. (2020). Copernicus Global Land Service: Land Cover 100m: collection 3: epoch 2019: Globe (Version V3.0.1) Data set. Zenodo. http://doi.org/10.5281/zenodo.3939050""]","[[""unimportant""], [""important""]]","Cropland, Lands covered with temporary crops followed by harvest and a bare soil period (e.g., single and multiple cropping systems). Note that perennial woody crops will be classified as the appropriate forest or shrub land cover type.",World,static,grid_fine,snapshot_year,km2,t,ğŸŒ±,proportional
wetland,Landcover wetland,"[""Â© Kontur https://kontur.io/"", ""Copernicus Global Land Service: Land Cover 100 m: Marcel Buchhorn, Bruno Smets, Luc Bertels, Bert De Roo, MyroslavaLesiv, Nandin - Erdene Tsendbazar, â€¦ Steffen Fritz. (2020). Copernicus Global Land Service: Land Cover 100m: collection 3: epoch 2019: Globe (Version V3.0.1) Data set. Zenodo. http://doi.org/10.5281/zenodo.3939050""]","[[""unimportant""], [""important""]]","Wetland, Lands with a permanent mixture of water and herbaceous or woody vegetation. The vegetation can be present in either salt, brackish, or fresh water.",World,static,grid_fine,snapshot_year,km2,t,ğŸ¸ğŸ’¦,proportional
moss_lichen,Landcover moss and lichen,"[""Â© Kontur https://kontur.io/"", ""Copernicus Global Land Service: Land Cover 100 m: Marcel Buchhorn, Bruno Smets, Luc Bertels, Bert De Roo, MyroslavaLesiv, Nandin - Erdene Tsendbazar, â€¦ Steffen Fritz. (2020). Copernicus Global Land Service: Land Cover 100m: collection 3: epoch 2019: Globe (Version V3.0.1) Data set. Zenodo. http://doi.org/10.5281/zenodo.3939050""]","[[""unimportant""], [""important""]]",Land with moss and lichen coverage.,World,static,grid_fine,snapshot_year,km2,t,ğŸ„,proportional
bare_vegetation,Landcover bare vegetation,"[""Â© Kontur https://kontur.io/"", ""Copernicus Global Land Service: Land Cover 100 m: Marcel Buchhorn, Bruno Smets, Luc Bertels, Bert De Roo, MyroslavaLesiv, Nandin - Erdene Tsendbazar, â€¦ Steffen Fritz. (2020). Copernicus Global Land Service: Land Cover 100m: collection 3: epoch 2019: Globe (Version V3.0.1) Data set. Zenodo. http://doi.org/10.5281/zenodo.3939050""]","[[""unimportant""], [""important""]]","Bare or sparse vegetation. Lands with exposed soil, sand, or rocks and never has more than 10 % vegetated cover during any time of the year.",World,static,grid_fine,snapshot_year,km2,t,ğŸŒ¾,proportional
builtup,Landcover builtup,"[""Â© Kontur https://kontur.io/"", ""Copernicus Global Land Service: Land Cover 100 m: Marcel Buchhorn, Bruno Smets, Luc Bertels, Bert De Roo, MyroslavaLesiv, Nandin - Erdene Tsendbazar, â€¦ Steffen Fritz. (2020). Copernicus Global Land Service: Land Cover 100m: collection 3: epoch 2019: Globe (Version V3.0.1) Data set. Zenodo. http://doi.org/10.5281/zenodo.3939050""]","[[""unimportant""], [""important""]]",Land covered by buildings and other man-made structures.,World,static,grid_fine,snapshot_year,km2,t,ğŸ™ï¸,proportional
permanent_water,Permanent water landcover,"[""Â© Kontur https://kontur.io/"", ""Copernicus Global Land Service: Land Cover 100 m: Marcel Buchhorn, Bruno Smets, Luc Bertels, Bert De Roo, MyroslavaLesiv, Nandin - Erdene Tsendbazar, â€¦ Steffen Fritz. (2020). Copernicus Global Land Service: Land Cover 100m: collection 3: epoch 2019: Globe (Version V3.0.1) Data set. Zenodo. http://doi.org/10.5281/zenodo.3939050""]","[[""unimportant""], [""important""]]","Permanent water bodies. Lakes, reservoirs, and rivers. Can be either fresh or salt-water bodies.",World,static,grid_fine,snapshot_year,km2,t,ğŸ’§,proportional
gdp,Gross Domestic Product,"[""Â© Kontur https://kontur.io/"", ""Â© 2019 The World Bank Group, CC-BY 4.0"", ""Facebook Connectivity Lab and Center for International Earth Science Information Network - CIESIN - Columbia University. 2016. High Resolution Settlement Layer (HRSL). Source imagery for HRSL Â© 2016 DigitalGlobe. https://dataforgood.fb.com/tools/population-density-maps/"", ""Dataset: Schiavina M., Freire S., Carioli A., MacManus K. (2023): GHS-POP R2023A - GHS population grid multitemporal (1975-2030).European Commission, Joint Research Centre (JRC) PID: http://data.europa.eu/89h/2ff68a52-5b5b-4a22-8f40-c41da8332cfe, doi:10.2905/2FF68A52-5B5B-4A22-8F40-C41DA8332CFE Concept & Methodology: Freire S., MacManus K., Pesaresi M., Doxsey-Whitfield E., Mills J. (2016) Development of new open and free multi-temporal global population grids at 250 m resolution. Geospatial Data in a Changing World; Association of Geographic Information Laboratories in Europe (AGILE), AGILE 2016"", ""Copernicus Global Land Service: Land Cover 100m: Marcel Buchhorn, Bruno Smets, Luc Bertels, Bert De Roo, Myroslava Lesiv, Nandin-Erdene Tsendbazar, â€¦ Steffen Fritz. (2020). Copernicus Global Land Service: Land Cover 100m: collection 3: epoch 2019: Globe (Version V3.0.1) Data set. Zenodo. http://doi.org/10.5281/zenodo.3939050"", ""Microsoft Buildings: Canada, Tanzania, Uganda, USA: This data is licensed by Microsoft under the Open Data Commons Open Database License (ODbL)."", ""@ OpenStreetMap contributors https://www.openstreetmap.org/copyright""]","[[""bad""], [""good""]]","A country GDP (Gross Domestic Product) per capita multiplied by the population in a given area. For areas covering multiple countries, a sum of their respective GDP portions is used. GDP is the standard measure of the value created through the production of goods and services in a country during a certain period.",World,static,grid_fine,snapshot_year,USD,t,ğŸ’°,proportional
earthquake_days_count,Earthquake exposure,"[""Events data from Kontur Event Feed (https://www.kontur.io/portfolio/event-feed)""]","[[""good"", ""unimportant""], [""bad"", ""important""]]",Number of days in the last year when severe and extreme earthquakes were recorded.,World,daily,feature_derived,rolling_year,days,t,ğŸŒğŸ“…,equal
drought_days_count,Drought exposure,"[""Events data from Kontur Event Feed (https://www.kontur.io/portfolio/event-feed)""]","[[""good"", ""unimportant""], [""bad"", ""important""]]",Number of days in the last year when severe and extreme droughts were recorded.,World,daily,feature_derived,rolling_year,days,t,ğŸœï¸ğŸ“…,equal
cyclone_days_count,Cyclone exposure,"[""Events data from Kontur Event Feed (https://www.kontur.io/portfolio/event-feed)""]","[[""good"", ""unimportant""], [""bad"", ""important""]]",Number of days in the last year when severe and extreme cyclones were recorded.,World,daily,feature_derived,rolling_year,days,t,ğŸŒ€ğŸ“…,equal
wildfire_days_count,Wildfire exposure,"[""Events data from Kontur Event Feed (https://www.kontur.io/portfolio/event-feed)""]","[[""good"", ""unimportant""], [""bad"", ""important""]]",Number of days in the last year when severe and extreme wildfires were recorded.,World,daily,feature_derived,rolling_year,days,t,ğŸ”¥ğŸ“…,equal
wildfires,Thermal anomaly exposure,"[""Â© NRT VIIRS 375 m Active Fire product VJ114IMGTDL_NRT. Available on-line [https://earthdata.nasa.gov/firms]. doi: 10.5067/FIRMS/VIIRS/VJ114IMGT_NRT.002"", ""NRT VIIRS 375 m Active Fire product VNP14IMGT. Available on-line [https://earthdata.nasa.gov/firms]. doi:10.5067/FIRMS/VIIRS/VNP14IMGT_NRT.002"", ""MODIS Collection 6 NRT Hotspot / Active Fire Detections MCD14DL. Available on-line [https://earthdata.nasa.gov/firms]. doi: 10.5067/FIRMS/MODIS/MCD14DL.NRT.006"", ""MODIS Collection 6 NRT Hotspot / Active Fire Detections MCD14ML. Available on-line [https://earthdata.nasa.gov/firms]. doi: 10.5067/FIRMS/MODIS/MCD14ML""]","[[""good"", ""unimportant""], [""bad"", ""important""]]",Number of days per year when a thermal anomaly was recorded in the last 13 months.,World,daily,feature_derived,rolling_year,days,t,ğŸ”¥,equal
volcano_days_count,Volcano exposure,"[""Events data from Kontur Event Feed (https://www.kontur.io/portfolio/event-feed)""]","[[""good"", ""unimportant""], [""bad"", ""important""]]",Number of days in the last year when severe and extreme volcanos were recorded.,World,daily,feature_derived,rolling_year,days,t,ğŸŒ‹ğŸ“…,equal
flood_days_count,Flood exposure,"[""Events data from Kontur Event Feed (https://www.kontur.io/portfolio/event-feed)""]","[[""good"", ""unimportant""], [""bad"", ""important""]]",Number of days in the last year when severe and extreme floods were recorded. ,World,daily,feature_derived,rolling_year,days,t,ğŸŒŠğŸ“…,equal
avg_slope_gebco,Slope,"[""Â© Data from General Bathymatric Chart of the Oceans, www.gebco.net GEBCO Compilation Group (2024) GEBCO 2024 Grid (doi:10.5285/1c44ce99-0a0d-5f4f-e063-7086abc0ea0f)""]","[[""good"", ""unimportant""], [""bad"", ""important""]]",Average surface slope.,World,static,grid_fine,snapshot_year,deg,t,â›·ï¸,equal
avg_elevation_gebco,Elevation,"[""Â© Data from General Bathymatric Chart of the Oceans, www.gebco.net GEBCO Compilation Group (2024) GEBCO 2024 Grid (doi:10.5285/1c44ce99-0a0d-5f4f-e063-7086abc0ea0f)""]","[[""good"", ""unimportant""], [""bad"", ""important""]]",Average surface elevation in meters.,World,static,grid_fine,snapshot_year,m,t,ğŸ”ï¸,equal
osm_schools_count,Schools,"[""Â© OpenStreetMap contributors https://www.openstreetmap.org/copyright""]","[[""bad""], [""good""]]",Number of schools in OpenStreetMap.,World,daily,feature_derived,current_value,n,t,ğŸ’,proportional
food_shops_count,Food shops,"[""Â© OpenStreetMap contributors https://www.openstreetmap.org/copyright""]","[[""unimportant""], [""important""]]",Number of places where you can buy fresh or packaged food products in a given area.,World,daily,feature_derived,current_value,n,t,ğŸ›’,proportional
pop_under_5_total,Population under 5,"[""Â© United States Census Bureau. 2019 5-Year American Community Survey (ACS). https://www.census.gov/en.html""]","[[""unimportant""], [""important""]]",Number of children (ages 0-5) in the United States.,The United States of America,static,admin_subnational,snapshot_year,ppl,t,ğŸ‘§ğŸ‘¦,proportional
avg_ndvi,NDVI,"[""Â© Data from Sentinel-2 L2A 120m Mosaic, CC-BY 4.0, https://forum.sentinel-hub.com/c/aws-sentinel""]","[[""bad""], [""good""]]","Average values of Normalized Difference Vegetation Index (NDVI), as of June 2019. Negative values of NDVI (values approaching -1) correspond to water. Values close to zero (-0.1 to 0.1) generally correspond to barren areas of rock, sand, or snow. Low, positive values represent shrub and grassland (approximately 0.2 to 0.4), while high values indicate temperate and tropical rainforests (values approaching 1).",World,static,grid_fine,snapshot_year,index,t,ğŸŒ¿,equal
industrial_area,OSM Industrial area,"[""Â© OpenStreetMap contributors https://www.openstreetmap.org/copyright""]","[[""unimportant""], [""important""]]","Areas of land used for industrial purposes in OpenStreetMap, which may include facilities such as workshops, factories and warehouses, and their associated infrastructure (car parks, service roads, yards, etc.). Data may be incomplete.",World,daily,feature_derived,current_value,km2,t,ğŸ­,proportional
volcanos_count,Volcanoes,"[""Â© OpenStreetMap contributors https://www.openstreetmap.org/copyright""]","[[""unimportant""], [""important""]]",Number of volcanoes in a given area.,World,daily,feature_derived,current_value,n,t,ğŸŒ‹,proportional
pop_over_65_total,Population over 65,"[""Â© United States Census Bureau. 2019 5-Year American Community Survey (ACS). https://www.census.gov/en.html""]","[[""unimportant""], [""important""]]",Number of elderly people (ages 65+) in the United States.,The United States of America,static,admin_subnational,snapshot_year,ppl,t,ğŸ‘´ğŸ‘µ,proportional
poverty_families_total,Families below poverty line,"[""Â© United States Census Bureau. 2019 5-Year American Community Survey (ACS). https://www.census.gov/en.html""]","[[""unimportant"", ""good""], [""important""]]",Number of households living below the poverty line in the United States.,The United States of America,static,admin_subnational,snapshot_year,n,t,ğŸ’¸,proportional
pop_disability_total,Population with disabilities,"[""Â© United States Census Bureau. 2019 5-Year American Community Survey (ACS). https://www.census.gov/en.html""]","[[""unimportant""], [""important""]]",Number of people with disabilities in the United States based on the U.S. Census Bureaus American Community Survey (ACS). This page describes how disability is defined and collected in the ACS: https://www.census.gov/topics/health/disability/guidance/data-collection-acs.html,The United States of America,static,admin_subnational,snapshot_year,ppl,t,â™¿,proportional
pop_not_well_eng_speak,Population with limited English proficiency,"[""Â© United States Census Bureau. 2019 5-Year American Community Survey (ACS). https://www.census.gov/en.html""]","[[""good""], [""important"", ""bad""]]",Number of people who have difficulty speaking English in the United States.,The United States of America,static,admin_subnational,snapshot_year,ppl,t,ğŸ—£ï¸,proportional
pop_without_car,Population without a car,"[""Â© United States Census Bureau. 2019 5-Year American Community Survey (ACS). https://www.census.gov/en.html""]","[[""neutral""], [""important""]]",Number of working people without a car in the United States.,The United States of America,static,admin_subnational,snapshot_year,ppl,t,ğŸ‘«,proportional
days_maxtemp_over_32c_1c,Days above 32Â°C (+1Â°C scenario),"[""Â© 2021 Probable Futures, a Project of the SouthCoast Community Foundation. https://probablefutures.org/, CC BY 4.0""]","[[""good""], [""bad""]]",Number of days per year with a daily maximum temperature exceeding 32Â°C (90Â°F) at the â€recentâ€ climate warming scenario of +1.0Â°C. In 2017 the average surface temperature passed 1.0Â°C above the pre-industrial 1850-1900 average (a standard baseline time period in climate science).,World (-60:60 latitudes),static,grid_fine,future_projection,days,t,ğŸŒ,equal
days_maxtemp_over_32c_2c,Days above 32Â°C (+2Â°C scenario),"[""Â© 2021 Probable Futures, a Project of the SouthCoast Community Foundation. https://probablefutures.org/, CC BY 4.0""]","[[""good""], [""bad""]]","Number of days per year with a daily maximum temperature exceeding 32Â°C (90Â°F) at the â€potentialâ€ climate warming scenario of +2.0Â°C. On the current path of emissions, in the 2040s the average surface temperature will likely pass 2.0Â°C above the pre-industrial 1850-1900 average (a standard baseline time period in climate science). The displayed values are from a range of simulated years from multiple models. Actual outcomes may prove to be higher or lower than the displayed values.",World (-60:60 latitudes),static,grid_fine,future_projection,grid_fine,future_projection,ğŸŒğŸ”¥,equal
days_mintemp_above_25c_1c,Nights above 25Â°C (+1Â°C scenario),"[""Â© 2021 Probable Futures, a Project of the SouthCoast Community Foundation. https://probablefutures.org/, CC BY 4.0""]","[[""good""], [""bad""]]","Number of days per year with a daily minimum temperature exceeding 25Â°C (77Â°F) at the â€recentâ€ climate warming scenario of +1.0Â°C. In 2017 the average surface temperature passed 1.0Â°C above the pre-industrial 1850-1900 average (a standard baseline time period in climate science). The lowest temperature during the day happens at night when temperatures dip after sunset. The human experience of a â€œhotâ€ night is relative to location, so a threshold of 20Â°C is often used for higher latitudes (Europe and the US) and a threshold of 25Â°C is often used for tropical and equatorial regions.",World (-60:60 latitudes),static,grid_fine,future_projection,days,t,ğŸŒœ,equal
days_mintemp_above_25c_2c,Nights above 25Â°C (+2Â°C scenario),"[""Â© 2021 Probable Futures, a Project of the SouthCoast Community Foundation. https://probablefutures.org/, CC BY 4.0""]","[[""good""], [""bad""]]","Number of days per year with a daily minimum temperature exceeding 25Â°C (77Â°F) at the â€potentialâ€ climate warming scenario of +2.0Â°C. On the current path of emissions, in the 2040s the average surface temperature will likely pass 2.0Â°C above the pre-industrial 1850-1900 average (a standard baseline time period in climate science). The lowest temperature during the day happens at night when temperatures dip after sunset. The human experience of a â€œhotâ€ night is relative to location, so a threshold of 20Â°C is often used for higher latitudes (Europe and the US) and a threshold of 25Â°C is often used for tropical and equatorial regions. The displayed values are from a range of simulated years from multiple models. Actual outcomes may prove to be higher or lower than the displayed values.",World (-60:60 latitudes),static,grid_fine,future_projection,days,t,ğŸŒœğŸ”¥,equal
mapswipe_area_km2,MapSwipe human activity,"[""Copyright Â© 2022 MapSwipe https://mapswipe.org/en/privacy.html""]","[[""unimportant""], [""important""]]","Places where MapSwipe users have detected some human activity through features (i.e. buildings, roadways, waterways, etc.) on satellite images.",World,daily,feature_derived,cumulative_to_date,km2,t,ğŸ‘£,proportional
gsa_ghi,Global Horizontal Irradiance,"[""Copyright Â© 2022 The World Bank https://globalsolaratlas.info/support/terms-of-use""]","[[""bad"", ""unimportant""], [""good"", ""important""]]",Total amount of shortwave terrestrial irradiance received by a surface horizontal to the ground.,World (-60:60 latitudes),static,grid_fine,snapshot_year,kW_m2,t,â˜€ï¸,equal
worldclim_avg_temperature,Air temperature average,"[""Copyright Â© 2022 WorldClim https://www.worldclim.org/data/index.html""]","[[""good""], [""bad""]]",Monthly average air temperature according to WorldClim data for the years 1970-2000.,World,static,grid_fine,historical_static,celc_deg,t,ğŸŒ¡ï¸,equal
man_distance_to_bomb_shelters,Man-distance to bomb shelters,"[""Â© Kontur https://kontur.io/"", ""Â© OpenStreetMap contributors https://www.openstreetmap.org/copyright""]","[[""good""], [""bad""]]",The total cumulative distance (in person-kilometers) that people must travel to reach the nearest bomb shelters. Lower values indicate better access to shelters.,World,daily,feature_derived,current_value,ppl_km2,t,ğŸ ğŸƒ,proportional
days_maxwetbulb_over_32c_1c,Days above 32Â°C wet-bulb (+1Â°C scenario),"[""Â© 2021 Probable Futures, a Project of the SouthCoast Community Foundation. https://probablefutures.org/, CC BY 4.0""]","[[""good""], [""bad""]]","Number of days per year with a daily maximum wet-bulb temperature exceeding 32Â°C (90Â°F) at the â€recentâ€ climate warming scenario of +1.0Â°C. In 2017 the average surface temperature passed 1.0Â°C above the pre-industrial 1850-1900 average (a standard baseline time period in climate science). Wet-bulb temperature is calculated using temperature and humidity. High wet-bulb temperatures can impair the human bodyâ€™s ability to self-cool through sweating. 32Â°C or 90Â°F wet-bulb can occur at 32Â°C (90Â°F) air temperature and 99% relative humidity, or 40Â°C (104Â°F)  and 55% humidity. For each warming scenario, the number of days exceeding 32Â°C (90Â°F) wet-bulb are identified from daily maximum wet-bulb temperatures computed using daily maximum temperature and daily minimum relative humidity, variables that are projected by climate models. The displayed values are from a range of simulated years from multiple models. Actual outcomes may prove to be higher or lower than the displayed values.",World (-60:60 latitudes),static,grid_fine,future_projection,days,t,ğŸŒ,equal
days_maxwetbulb_over_32c_2c,Days above 32Â°C wet-bulb (+2Â°C scenario),"[""Â© 2021 Probable Futures, a Project of the SouthCoast Community Foundation. https://probablefutures.org/, CC BY 4.0""]","[[""good""], [""bad""]]","Number of days per year with a daily maximum wet-bulb temperature exceeding 32Â°C (90Â°F) at the â€potentialâ€ climate warming scenario of +2.0Â°C. On the current path of emissions, in the 2040s the average surface temperature will likely pass 2.0Â°C above the pre-industrial 1850-1900 average (a standard baseline time period in climate science). Wet-bulb temperature is calculated using temperature and humidity. High wet-bulb temperatures can impair the human bodyâ€™s ability to self-cool through sweating. 32Â°C or 90Â°F wet-bulb can occur at 32Â°C (90Â°F) air temperature and 99% relative humidity, or 40Â°C (104Â°F)  and 55% humidity.For each warming scenario, the number of days exceeding 32Â°C (90Â°F) wet-bulb are identified from daily maximum wet-bulb temperatures computed using daily maximum temperature and daily minimum relative humidity, variables that are projected by climate models. The displayed values are from a range of simulated years from multiple models. Actual outcomes may prove to be higher or lower than the displayed values.",World (-60:60 latitudes),static,grid_fine,future_projection,days,t,ğŸŒğŸ”¥,equal
man_distance_to_fire_brigade,Man-distance to fire brigade,"[""Â© Kontur https://kontur.io/"", ""Â© OpenStreetMap contributors https://www.openstreetmap.org/copyright""]","[[""good""], [""bad""]]","The total cumulative distance (in person-kilometers) from the population to the nearest fire stations, reflecting how close emergency services are positioned. Lower values indicate better emergency coverage.",World,daily,feature_derived,current_value,ppl_km2,t,ğŸš’ğŸƒ,proportional
max_osm_hotels_assesment,Hotel star rating maximum,"[""Â© OpenStreetMap contributors https://www.openstreetmap.org/copyright""]","[[""bad""], [""good""]]",Max hotel level assessment from OSM.,World,daily,feature_derived,current_value,n,t,ğŸ¨ğŸŒŸ,equal
man_distance_to_hospital,Man-distance to hospitals,"[""Â© Kontur https://kontur.io/"", ""Â© OpenStreetMap contributors https://www.openstreetmap.org/copyright""]","[[""good""], [""bad""]]","The total cumulative distance (in person-kilometers) from the population to the nearest hospitals, reflecting how close emergency services are positioned. Lower values indicate better emergency coverage.",World,daily,feature_derived,current_value,ppl_km2,t,ğŸ¥ğŸƒ,proportional
avg_osm_building_levels,Building levels average,"[""Â© OpenStreetMap contributors https://www.openstreetmap.org/copyright""]","[[""good""], [""bad""]]",Average levels of buildings in a given area according to OpenStreetMap.,World,daily,feature_derived,current_value,n,t,ğŸ â¬†ï¸,equal
man_distance_to_charging_stations,Man-distance to charging stations,"[""Â© Kontur https://kontur.io/"", ""Â© OpenStreetMap contributors https://www.openstreetmap.org/copyright""]","[[""good""], [""bad""]]",The total cumulative distance (in person-kilometers) that people must travel to reach the nearest electric vehicle charging stations. Reflects accessibility to EV infrastructure.,World,daily,feature_derived,current_value,ppl_km2,t,ğŸ”ŒğŸƒ,proportional
osm_hotels_count,Hotels,"[""Â© OpenStreetMap contributors https://www.openstreetmap.org/copyright""]","[[""bad""], [""good""]]",Number of hotels in OpenStreetMap.,World,daily,feature_derived,current_value,n,t,ğŸ¨,proportional
view_count_bf2402,"OSM map views (30 days before Feb 24, 2022)","[""Â© Kontur"", ""Â© OpenStreetMap contributors https://www.openstreetmap.org/copyright""]","[[""bad"", ""unimportant""], [""good"", ""important""]]","Number of tile requests in a given area for the 30 days before Feb 24, 2022.",World,daily,feature_derived,historical_static,n,t,ğŸ—ºï¸,equal
eatery_count,Eatery places,"[""Â© OpenStreetMap contributors https://www.openstreetmap.org/copyright""]","[[""unimportant""], [""important""]]","Number of places where you can buy and eat food (such as restaurants, cafÃ©s, fast-food outlets, etc.) in a given area.",World,daily,feature_derived,current_value,n,t,ğŸ½ï¸,proportional
powerlines,Medium-voltage powerlines distribution (predictive),"[""Â©9999 Facebook, Inc. and its affiliates https://dataforgood.facebook.com/dfg/tools/electrical-distribution-grid-maps""]","[[""bad""], [""good""]]","Facebook has produced a model to help map global medium voltage (MV) grid infrastructure, i.e. the distribution lines which connect high-voltage transmission infrastructure to consumer-serving low-voltage distribution. The data found here are model outputs for six select African countries: Malawi, Nigeria, Uganda, DRC, Cote Dâ€™Ivoire, and Zambia. The grid maps are produced using a new methodology that employs various publicly-available datasets (night time satellite imagery, roads, political boundaries, etc) to predict the location of existing MV grid infrastructure.",World,static,grid_fine,snapshot_year,other,t,âš¡,proportional
night_lights_intensity,Nighttime lights intensity,"[""Earth Observation Group Â© 2021. https://eogdata.mines.edu/products/vnl/#reference"", ""C. D. Elvidge, K. E. Baugh, M. Zhizhin, and F.-C. Hsu, â€œWhy VIIRS data are superior to DMSP for mapping nighttime lights,â€ Asia-Pacific Advanced Network 35, vol. 35, p. 62, 2013."", ""C. D. Elvidge, M. Zhizhin, T. Ghosh, F-C. Hsu, \""Annual time series of global VIIRS nighttime lights derived from monthly averages: 2012 to 2019\"", Remote Sensing (In press)""]","[[""unimportant""], [""important""]]",Remote sensing of nighttime light emissions offers a unique perspective for investigations into human behaviors. The Visible Infrared Imaging Radiometer Suite (VIIRS) instruments aboard the Suomi NPP and NOAA-20 satellites provide global daily measurements of nighttime light.,World,static,grid_fine,snapshot_year,nW_cm2_sr,t,ğŸŒŒ,equal
worldclim_min_temperature,Air temperature minimum,"[""Copyright Â© 2022 WorldClim https://www.worldclim.org/data/index.html""]","[[""bad""], [""good""]]",Monthly minimum air temperature according to WorldClim data for the years 1970-2000.,World,static,grid_fine,historical_static,celc_deg,t,ğŸŒ¡ï¸â„ï¸,equal
worldclim_max_temperature,Air temperature maximum,"[""Copyright Â© 2022 WorldClim https://www.worldclim.org/data/index.html""]","[[""good""], [""bad""]]",Monthly maximum air temperature according to WorldClim data for the years 1970-2000.,World,static,grid_fine,historical_static,celc_deg,t,ğŸŒ¡ï¸ğŸ”¥,equal
worldclim_amp_temperature,Air temperature monthly amplitude,"[""Copyright Â© 2022 WorldClim https://www.worldclim.org/data/index.html""]","[[""good""], [""bad""]]",Monthly amplitude of air temperatures according to WorldClim data for the years 1970-2000.,World,static,grid_fine,historical_static,celc_deg,t,ğŸŒ¡ï¸â†•ï¸,equal
powerlines_proximity_m,Powerlines proximity,"[""Copyright Â© OpenStreetMap contributors https://www.openstreetmap.org/copyright"", ""Â© 2020 The World Bank Group, CC-BY 4.0""]","[[""important""], [""unimportant""]]",Distance to the closest powerline,World,static,grid_coarse,current_value,m,t,âš¡ğŸ‘«,equal
waste_basket_coverage_area_km2,Waste containers coverage,"[""Â© Kontur https://kontur.io/"", ""Â© OpenStreetMap contributors https://www.openstreetmap.org/copyright""]","[[""bad""], [""good""]]","The area covered by waste containers mapped in OSM, based on a service radius of 70 meters around of container.",World,daily,feature_derived,current_value,km2,t,ğŸ—‘ï¸,proportional
solar_power_plants,Solar power plants,"[""Â© OpenStreetMap contributors https://www.openstreetmap.org/copyright""]","[[""unimportant""], [""important""]]",Total number of solar power plants in a given area according to OpenStreetMap.,World,daily,feature_derived,current_value,n,t,â˜€ï¸âš¡,proportional
populated_areas_proximity_m,Densely populated area proximity,"[""Copyright Â© Kontur https://kontur.io/"", ""Â© OpenStreetMap contributors https://www.openstreetmap.org/copyright""]","[[""good""], [""bad""]]",Distance to the closest Kontur Population cell with population > 80 people. This indicator is valid for unpopulated areas between cities.,World,daily,grid_coarse,current_value,m,t,ğŸ¡ğŸ‘«,equal
power_substations_proximity_m,Power substations proximity,"[""Â© OpenStreetMap contributors https://www.openstreetmap.org/copyright""]","[[""good""], [""bad""]]",Distance to the closest power substation,World,daily,feature_derived,current_value,m,t,ğŸ­ğŸ‘«,equal
solar_farms_placement_suitability,Suitability estimation for solar farms placement,"[""Copyright Â© Kontur https://kontur.io/"", ""Â© OpenStreetMap contributors https://www.openstreetmap.org/copyright"", ""Copyright Â© 2022 WorldClim https://www.worldclim.org/data/index.html"", ""Copyright Â© 2022 The World Bank https://globalsolaratlas.info/support/terms-of-use""]","[[""bad""], [""good""]]","Multi-criteria layer estimating suitability for solar farm placement. 0 means absolutely unsuitable; 1 is perfectly suitable. The score considers solar irradiance, proximity to powerlines and substations, elevation slope, minimum and maximum temperatures, and proximity to populated areas.",World (-60:60 latitudes),daily,grid_coarse,current_value,index,t,â˜€ï¸ğŸ’¡,equal
residential,Percentage of permanent population,"[""Dataset: Schiavina M., Freire S., Carioli A., MacManus K. (2023): GHS-POP R2023A - GHS population grid multitemporal (1975-2030).European Commission, Joint Research Centre (JRC) PID: http://data.europa.eu/89h/2ff68a52-5b5b-4a22-8f40-c41da8332cfe, doi:10.2905/2FF68A52-5B5B-4A22-8F40-C41DA8332CFE Concept & Methodology: Freire S., MacManus K., Pesaresi M., Doxsey-Whitfield E., Mills J. (2016) Development of new open and free multi-temporal global population grids at 250 m resolution. Geospatial Data in a Changing World; Association of Geographic Information Laboratories in Europe (AGILE), AGILE 2016""]","[[""unimportant""], [""important""]]",Estimation of residential population percentage according to GHS-POP dataset (2015),World,static,grid_fine,snapshot_year,fract,t,ğŸ¡,equal
safety_index,Safety (Global Peace Index 2022),"[""Â© The Institute for Economics and Peace Limited 2022 https://www.visionofhumanity.org/""]","[[""bad""], [""good""]]","The Global Peace Index covers 99.7% of the worldâ€™s population, and is calculated using 23 qualitative and quantitative indicators from highly respected sources, and measures the state of peace across three domains: the level of Societal Safety and Security, the extent of Ongoing Domestic and International Conflict, and the degree of Militarisation. Higher values indicate more peace and safety, low values imply ongoing conflicts and high militarization.",World,static,admin_national,snapshot_year,index,t,ğŸ›¡ï¸,equal
stddev_accel,Road Quality,"[""Â© Kontur https://kontur.io/""]","[[""good""], [""bad""]]",Road quality is measured by volunteers using a mobile application that records phone accelerometer while driving. Areas with the highest standard deviation of acceleration are considered uncomfortable for driving.,World,daily,feature_derived,current_value,m_s2,t,ğŸš™ğŸ“Š,equal
max_osm_building_levels,Building levels maximum,"[""Â© OpenStreetMap contributors https://www.openstreetmap.org/copyright""]","[[""good""], [""bad""]]",Maximal level of buildings in a given area according to OpenStreetMap.,World,daily,feature_derived,current_value,n,t,ğŸ¢â¬†ï¸,equal
avg_forest_canopy_height,Forest canopy average height,"[""High Resolution Canopy Height Maps by WRI and Meta were accessed on 20.05.2024 from https://registry.opendata.aws/dataforgood-fb-forests. Meta and World Resources Institute (WRI) - 2024. High Resolution Canopy Height Maps (CHM). Source imagery for CHM Â© 2016 Maxar. Accessed May 20, 2024.""]","[[""bad"", ""unimportant""], [""good"", ""important""]]",Global and regional Canopy Height Maps (CHM). Created using machine learning models on high-resolution worldwide Maxar satellite imagery.,World,static,grid_fine,snapshot_year,m,t,ğŸŒ²ğŸ“,equal
max_forest_canopy_height,Forest canopy maximum height,"[""High Resolution Canopy Height Maps by WRI and Meta were accessed on 20.05.2024 from https://registry.opendata.aws/dataforgood-fb-forests. Meta and World Resources Institute (WRI) - 2024. High Resolution Canopy Height Maps (CHM). Source imagery for CHM Â© 2016 Maxar. Accessed May 20, 2024.""]","[[""bad"", ""unimportant""], [""good"", ""important""]]",Global and regional Canopy Height Maps (CHM). Created using machine learning models on high-resolution worldwide Maxar satellite imagery.,World,static,grid_fine,snapshot_year,m,t,ğŸŒ²â¬†ï¸,equal
worldbank_tax_rate,Total tax and contribution rate,"[""Â© 2024 The World Bank Group, Doing Business project (http://www.doingbusiness.org/). NOTE: Doing Business has been discontinued as of 9/16/2021. For more information: https://bit.ly/3CLCbme""]","[[""good""], [""bad""]]","Total tax rate measures the amount of taxes and mandatory contributions payable by businesses after accounting for allowable deductions and exemptions as a share of commercial profits. Taxes withheld (such as personal income tax) or collected and remitted to tax authorities (such as value added taxes, sales taxes or goods and service taxes) are excluded. Data for 2019.",World,static,admin_national,snapshot_year,perc,t,ğŸ§®,equal
years_to_naturalisation,Legal residence duration required for naturalization,"[""This dataset use material from the Wikipedia article https://en.wikipedia.org/wiki/Naturalization, which is released under the https://en.wikipedia.org/wiki/Wikipedia:Text_of_the_Creative_Commons_Attribution-ShareAlike_4.0_International_License.""]","[[""good""], [""bad""]]","The duration of legal residence before a national of a foreign state, without any cultural, historical, or marriage ties or connections to the state in question, can request citizenship under that states naturalization laws.",World,static,admin_national,current_value,years,t,ğŸ“Š,equal
multiple_citizenship,Dual/Multiple citizenship allowed,"[""This dataset use material from the Wikipedia article https://en.wikipedia.org/wiki/Naturalization, which is released under the https://en.wikipedia.org/wiki/Wikipedia:Text_of_the_Creative_Commons_Attribution-ShareAlike_4.0_International_License.""]","[[""bad""], [""good""]]","Possibility to have dual (multiple) citizenship: 1 - no, 2 - with restrictions regulated by local legislation, 3 - dual (multiple) citizenship is allowed.",World,static,admin_national,current_value,other,t,ğŸ›‚,equal
ghs_max_building_height,Building height maximum,"[""Dataset: Schiavina, M., Melchiorri, M., Pesaresi, M., Politis, P., Carneiro Freire, S.M., Maffenini, L., Florio, P., Ehrlich, D., Goch, K., Carioli, A., Uhl, J., Tommasi, P. and Kemper, T., GHSL Data Package 2023, Publications Office of the European Union, Luxembourg, 2023, ISBN 978-92-68-02341-9 (online), doi:10.2760/098587 (online), JRC133256.""]","[[""unimportant""], [""important""]]",GHS Average of the Net Building Height (ANBH). Values are expressed as decimals (Float) reporting about the average height of the built surfaces. ,World,static,grid_fine,snapshot_year,m,t,ğŸ™ï¸,equal
ghs_avg_building_height,Building height average,"[""Dataset: Schiavina, M., Melchiorri, M., Pesaresi, M., Politis, P., Carneiro Freire, S.M., Maffenini, L., Florio, P., Ehrlich, D., Goch, K., Carioli, A., Uhl, J., Tommasi, P. and Kemper, T., GHSL Data Package 2023, Publications Office of the European Union, Luxembourg, 2023, ISBN 978-92-68-02341-9 (online), doi:10.2760/098587 (online), JRC133256.""]","[[""unimportant""], [""important""]]",GHS Average of the Net Building Height (ANBH). Values are expressed as decimals (Float) reporting about the average height of the built surfaces.,World,static,grid_fine,snapshot_year,m,t,ğŸ ,equal
avg_osm_hotels_assesment,Hotel star rating average,"[""Â© OpenStreetMap contributors https://www.openstreetmap.org/copyright""]","[[""bad""], [""good""]]",Average hotel level assessment from OSM.,World,daily,feature_derived,current_value,n,t,ğŸ¨â­,equal
osm_historical_sites_and_museums_count,Historical sites and museums,"[""Â© OpenStreetMap contributors https://www.openstreetmap.org/copyright""]","[[""bad""], [""good""]]",Number of historical sites and museums in OpenStreetMap.,World,daily,feature_derived,current_value,n,t,ğŸ°,proportional
oam_coverage_area,OpenAerialMap coverage area,"[""Â© Kontur https://kontur.io"", ""All imagery is publicly licensed and made available through the Humanitarian OpenStreetMap Teamâ€˜s Open Imagery Network (OIN) Node. All imagery contained in OIN is licensed CC-BY 4.0, with attribution as contributors of Open Imagery Network. All imagery is available to be traced in OpenStreetMap. Â© OpenAerialMap""]","[[""bad""], [""good""]]",Area covered by OpenAerialMap images.,World,every_30min,feature_derived,current_value,km2,t,ğŸ—ºï¸ğŸ›°ï¸,proportional
oam_number_of_pixels,OpenAerialMap coverage pixels number,"[""Â© Kontur https://kontur.io"", ""All imagery is publicly licensed and made available through the Humanitarian OpenStreetMap Teamâ€˜s Open Imagery Network (OIN) Node. All imagery contained in OIN is licensed CC-BY 4.0, with attribution as contributors of Open Imagery Network. All imagery is available to be traced in OpenStreetMap. Â© OpenAerialMap""]","[[""bad""], [""good""]]",Number of pixels in OpenAerialMap imagery.,World,every_30min,feature_derived,current_value,n,t,ğŸ—ºï¸ğŸ”,proportional
osm_art_venues_count,Art venues,"[""Â© OpenStreetMap contributors https://www.openstreetmap.org/copyright""]","[[""bad""], [""good""]]",Number of art venues in OpenStreetMap.,World,daily,feature_derived,current_value,n,t,ğŸ–¼ï¸ğŸ–Œï¸,proportional
osm_entertainment_venues_count,Entertainment venues,"[""Â© OpenStreetMap contributors https://www.openstreetmap.org/copyright""]","[[""bad""], [""good""]]",Number of entertainment venues in OpenStreetMap.,World,daily,feature_derived,current_value,n,t,ğŸ“½ï¸,proportional
osm_cultural_and_comunity_centers_count,Cultural and community centers,"[""Â© OpenStreetMap contributors https://www.openstreetmap.org/copyright""]","[[""bad""], [""good""]]",Number of cultural and community centers in OpenStreetMap.,World,daily,feature_derived,current_value,n,t,ğŸ«‚,proportional
osm_pharmacy_count,Pharmacies,"[""Â© OpenStreetMap contributors https://www.openstreetmap.org/copyright""]","[[""bad""], [""good""]]",Number of pharmacies in OpenStreetMap.,World,daily,feature_derived,current_value,n,t,âš•ï¸ğŸ’Š,proportional
worldbank_inflation,Price inflation rate,"[""Ha, Jongrim, M. Ayhan Kose, and Franziska Ohnsorge (2023). One-Stop Source: A Global Database of Inflation. Journal of International Money and Finance 137 (October): 102896""]","[[""good""], [""bad""]]","Inflation, measured by the Consumer Price Index (CPI), is the annual change in prices of a typical basket of goods and services purchased by households. Data are drawn from multiple databases: OECD.Stat, the IMF World Economic Outlook database and International Financial Statistics, ILOSTAT, UNdata and country-specific sources including central banks and statistical offices.",World,static,admin_national,snapshot_year,perc,t,ğŸ’¸,equal
conflict_stock_displacement,Conflict stock displacement,"[""Â© Kontur Boundaries https://data.humdata.org/dataset/kontur-boundaries"", ""Â© 2012-2024 Internal Displacement Monitoring Centre (IDMC)""]","[[""good"", ""unimportant""], [""bad"", ""important""]]","Percent of total population of IDPs (rounded figures at the national level), as a result of conflicts and violence as of the end of the reporting year.",World,static,admin_national,historical_static,perc,t,ğŸ†˜ğŸ§‘ğŸ»â€ğŸ¤â€ğŸ§‘ğŸ¿,equal
earthquake,Earthquake hazard,"[""Â© INFORM Initiative https://www.inform-index.org/""]","[[""good""], [""bad""]]",Exposure of a region to seismic risks due to earthquakes on a scale of 0 (good) to 10 (bad).,World,annual,grid_fine,snapshot_year,index,t,ğŸŒ,equal
disaster_stock_displacement,Disaster stock displacement,"[""Â© Kontur Boundaries https://data.humdata.org/dataset/kontur-boundaries"", ""Â© 2012-2024 Internal Displacement Monitoring Centre (IDMC)""]","[[""good"", ""unimportant""], [""bad"", ""important""]]","Percent of total population of IDPs (rounded figures at the national level), as a result of disasters as of the end of the reporting year.",World,static,admin_national,historical_static,perc,t,âš ï¸ğŸ§‘ğŸ»â€ğŸ¤â€ğŸ§‘ğŸ¿,equal
drought,Drought hazard,"[""Â© INFORM Initiative https://www.inform-index.org/""]","[[""good""], [""bad""]]",Likelihood of population exposure to severe water scarcity on a scale of 0 (good) to 10 (bad).,World,annual,admin_national,snapshot_year,index,t,â˜€ï¸,equal
conflict_internal_displacements,Conflict internal displacements,"[""Â© Kontur Boundaries https://data.humdata.org/dataset/kontur-boundaries"", ""Â© 2012-2024 Internal Displacement Monitoring Centre (IDMC)""]","[[""good"", ""unimportant""], [""bad"", ""important""]]","Percent of total population of internal displacements reported (rounded figures at national level), as a result of conflict and violence in 2023.",World,static,admin_national,historical_static,perc,t,ğŸ’£ğŸ§‘ğŸ»â€ğŸ¤â€ğŸ§‘ğŸ¿,equal
epidemic,Epidemic hazard,"[""Â© INFORM Initiative https://www.inform-index.org/""]","[[""good""], [""bad""]]",Risk of population exposure to outbreaks of disease on a scale of 0 (good) to 10 (bad).,World,annual,admin_national,snapshot_year,index,t,ğŸ¦ ,equal
osm_car_parkings_capacity,Car parkings capacity,"[""Â© OpenStreetMap contributors https://www.openstreetmap.org/copyright""]","[[""bad""], [""good""]]",Number of car parking spaces in OpenStreetMap.,World,daily,feature_derived,current_value,n,t,ğŸ…¿ï¸,proportional
disaster_internal_displacements,Disaster internal displacements,"[""Â© Kontur Boundaries https://data.humdata.org/dataset/kontur-boundaries"", ""Â© 2012-2024 Internal Displacement Monitoring Centre (IDMC)""]","[[""good"", ""unimportant""], [""bad"", ""important""]]","Percent of total population of internal displacements reported (rounded figures at national level), as a result of disasters in 2023.",World,static,admin_national,historical_static,perc,t,ğŸŒ‹ğŸ§‘ğŸ»â€ğŸ¤â€ğŸ§‘ğŸ¿,equal
hdi_2022,The Human Development Index,"[""Â© 2024 United Nations Development Programme https://hdr.undp.org/data-center/human-development-index""]","[[""bad""], [""good""]]","The Human Development Index (HDI) is a summary measure of average achievement in key dimensions of human development: a long and healthy life, being knowledgeable and having a decent standard of living. The HDI is the geometric mean of normalized indices for each of the three dimensions. The health dimension is assessed by life expectancy at birth, the education dimension is measured by mean of years of schooling for adults aged 25 years and more and expected years of schooling for children of school entering age. The standard of living dimension is measured by gross national income per capita. The HDI uses the logarithm of income, to reflect the diminishing importance of income with increasing GNI. The scores for the three HDI dimension indices are then aggregated into a composite index using geometric mean. The entire series of Human Development Index (HDI) values and rankings are recalculated every year using the same the most recent (revised) data and functional forms. The HDI rankings and values in the 2014 Human Development Report cannot therefore be compared directly to indices published in previous Reports. Please see hdr.undp.org for more information. The HDI was created to emphasize that people and their capabilities should be the ultimate criteria for assessing the development of a country, not economic growth alone. The HDI can also be used to question national policy choices, asking how two countries with the same level of GNI per capita can end up with different human development outcomes. These contrasts can stimulate debate about government policy priorities.",World,static,admin_national,snapshot_year,index,t,ğŸ§‘ğŸ»â€ğŸ¤â€ğŸ§‘ğŸ¿,equal
inform_risk,INFORM Risk Index,"[""Â© INFORM Initiative https://www.inform-index.org/""]","[[""good""], [""bad""]]","Composite index assessing humanitarian risk based on hazards, vulnerability, and coping capacity on a scale of 0 (good) to 10 (bad).",World,annual,admin_national,snapshot_year,index,t,ğŸŒ,equal
hazard_and_exposure,Hazard & Exposure,"[""Â© INFORM Initiative https://www.inform-index.org/""]","[[""good""], [""bad""]]",Level of exposure to natural or human-made hazards affecting a population on a scale of 0 (good) to 10 (bad).,World,annual,admin_national,snapshot_year,index,t,ğŸŒªï¸,equal
natural_0_to_10,Natural hazard,"[""Â© INFORM Initiative https://www.inform-index.org/""]","[[""good""], [""bad""]]","The metric for the natural hazard risk used in INFORM is the annual average exposed population (AAEP) or, when hazard maps for different return periods are not available, annual exposed population (AEP). Measure of a populationâ€™s exposure to natural hazards, including geophysical and meteorological risks on a scale of 0 (good) to 10 (bad).",World,annual,admin_national,snapshot_year,index,t,ğŸŒ‹,equal
river_flood,River flood hazard,"[""Â© INFORM Initiative https://www.inform-index.org/""]","[[""good""], [""bad""]]",The River flood hazard reflects the probability of physical impact associated with river flooding events on a scale of 0 (good) to 10 (bad).,World,annual,admin_national,snapshot_year,index,t,ğŸŒŠ,equal
tsunami,Tsunami Hazard,"[""Â© INFORM Initiative https://www.inform-index.org/""]","[[""good""], [""bad""]]",Population exposure to tsunami hazards in coastal regions on a scale of 0 (good) to 10 (bad).,World,annual,admin_national,snapshot_year,index,t,ğŸŒŠ,equal
tropical_cyclone,Tropical Cyclone hazard,"[""Â© INFORM Initiative https://www.inform-index.org/""]","[[""good""], [""bad""]]","Population exposure to tropical cyclones, hurricanes, and typhoons on a scale of 0 (good) to 10 (bad).",World,annual,admin_national,snapshot_year,index,t,ğŸŒ€,equal
coastal_flood,Coastal Flood hazard,"[""Â© INFORM Initiative https://www.inform-index.org/""]","[[""good""], [""bad""]]",Risk of flooding in coastal areas affecting population and infrastructure on a scale of 0 (good) to 10 (bad).,World,annual,admin_national,snapshot_year,index,t,ğŸŒŠ,equal
human,Human hazard,"[""Â© INFORM Initiative https://www.inform-index.org/""]","[[""good""], [""bad""]]","Population exposure to risks caused by human activity, such as conflict on a scale of 0 (good) to 10 (bad).",World,annual,admin_national,snapshot_year,index,t,ğŸ‘¤,equal
projected_conflict_probability,Projected Conflict Probability,"[""Â© INFORM Initiative https://www.inform-index.org/""]","[[""good""], [""bad""]]",Estimate of likelihood of future conflict impacting the population on a scale of 0 (good) to 10 (bad).,World,annual,admin_national,snapshot_year,index,t,ğŸ’¥,equal
current_conflict_intensity,Current Conflict Intensity,"[""Â© INFORM Initiative https://www.inform-index.org/""]","[[""good""], [""bad""]]",Measure of ongoing conflict severity affecting local populations on a scale of 0 (good) to 10 (bad).,World,annual,admin_national,snapshot_year,index,t,ğŸ’£,equal
vulnerability,Vulnerability,"[""Â© INFORM Initiative https://www.inform-index.org/""]","[[""good""], [""bad""]]",Indicator measuring susceptibility of populations to suffer from adverse impacts on a scale of 0 (good) to 10 (bad).,World,annual,admin_national,snapshot_year,index,t,ğŸ¤•,equal
socio_economic_vulnerability,Socio-Economic Vulnerability,"[""Â© INFORM Initiative https://www.inform-index.org/""]","[[""good""], [""bad""]]",Level of social and economic disadvantage increasing exposure to risks on a scale of 0 (good) to 10 (bad).,World,annual,admin_national,snapshot_year,index,t,ğŸ“‰,equal
development_and_deprivation,Development & Deprivation,"[""Â© INFORM Initiative https://www.inform-index.org/""]","[[""good""], [""bad""]]",Socioeconomic disadvantage impacting resilience and coping abilities on a scale of 0 (good) to 10 (bad).,World,annual,admin_national,snapshot_year,index,t,ğŸšï¸,equal
inequality,Inequality,"[""Â© INFORM Initiative https://www.inform-index.org/""]","[[""good""], [""bad""]]",Mesure of susceptibility of populations to suffer from inequality impacts on a scale of 0 (good) to 10 (bad).,World,annual,admin_national,snapshot_year,index,t,âš–ï¸,equal
economic_dependency,Economic Dependency,"[""Â© INFORM Initiative https://www.inform-index.org/""]","[[""good""], [""bad""]]","Measure of a regionâ€™s dependency on external economic factors, impacting resilience on a scale of 0 (good) to 10 (bad).",World,annual,admin_national,snapshot_year,index,t,ğŸ’¸,equal
vulnerable_groups,Vulnerable Groups,"[""Â© INFORM Initiative https://www.inform-index.org/""]","[[""good""], [""bad""]]",Extent of vulnerability among specific population groups on a scale of 0 (good) to 10 (bad).,World,annual,admin_national,snapshot_year,index,t,ğŸ‘¥,equal
osm_heritage_sites_count,Heritage sites,"[""Â© OpenStreetMap contributors https://www.openstreetmap.org/copyright""]","[[""bad""], [""good""]]",Number of heritage sites in OpenStreetMap.,World,daily,feature_derived,current_value,n,t,ğŸ—¿,proportional
uprooted_people,Uprooted People,"[""Â© INFORM Initiative https://www.inform-index.org/""]","[[""good""], [""bad""]]",The Uprooted people component is the arithmetic average of the absolute and relative value of uprooted people. The absolute value is presented using the log transformation while the uprooted people relative to the total population are transformed into indicator using the GNA criteria and then normalised into range from 0 (good) to 10 (bad).,World,annual,admin_national,snapshot_year,index,t,ğŸ ,equal
health_conditions,Health Conditions,"[""Â© INFORM Initiative https://www.inform-index.org/""]","[[""good""], [""bad""]]","Health condition subcomponent refers to people in a weak health conditions. It is calculated as the arithmetic average of the indicators for three deadly infectious diseases, AIDS, tuberculosis and malaria, which are considered as pandemics of low- and middle-income countries and then normalised into range from 0 (good) to 10 (bad).",World,annual,admin_national,snapshot_year,index,t,ğŸ¥,equal
children_u5,Children Under 5,"[""Â© INFORM Initiative https://www.inform-index.org/""]","[[""good""], [""bad""]]","Percentage of children under age 5, indicating demographic vulnerability normalised into range from 0 (good) to 10 (bad).",World,annual,admin_national,snapshot_year,index,t,ğŸ‘¶,equal
recent_shocks,Recent Shocks,"[""Â© INFORM Initiative https://www.inform-index.org/""]","[[""good""], [""bad""]]",Recent shocks subcomponent accounts for increased vulnerability during the recovery period after a disaster and considers people affected by natural disasters in the past 3 years on a scale of 0 (good) to 10 (bad).,World,annual,admin_national,snapshot_year,index,t,âš¡,equal
food_security,Food Security,"[""Â© INFORM Initiative https://www.inform-index.org/""]","[[""good""], [""bad""]]",Risk of food insecurity impacting vulnerable populations on a scale of 0 (good) to 10 (bad).,World,annual,admin_national,snapshot_year,index,t,ğŸ,equal
other_vulnerable_groups,Other Vulnerable Groups,"[""Â© INFORM Initiative https://www.inform-index.org/""]","[[""good""], [""bad""]]",Measure of other groups within a population with heightened vulnerability on a scale of 0 (good) to 10 (bad).,World,annual,admin_national,snapshot_year,index,t,ğŸ™,equal
lack_of_coping_capacity,Lack of Coping Capacity,"[""Â© INFORM Initiative https://www.inform-index.org/""]","[[""good""], [""bad""]]",Measure of a populationâ€™s limited ability to recover from shocks normalised into range from 0 (good) to 10 (bad).,World,annual,admin_national,snapshot_year,index,t,ğŸ†˜,equal
institutional,Institutional Capacity,"[""Â© INFORM Initiative https://www.inform-index.org/""]","[[""good""], [""bad""]]",Institutional resilience and governance affecting disaster response on a scale of 0 (good) to 10 (bad).,World,annual,admin_national,snapshot_year,index,t,ğŸ›ï¸,equal
drr,Disaster Risk Reduction (DRR),"[""Â© INFORM Initiative https://www.inform-index.org/""]","[[""good""], [""bad""]]",Extent of disaster risk reduction initiatives improving resilience on a scale of 0 (good) to 10 (bad).,World,annual,admin_national,snapshot_year,index,t,ğŸŒ,equal
infrastructure,Infrastructure resilience,"[""Â© INFORM Initiative https://www.inform-index.org/""]","[[""good""], [""bad""]]",Condition and resilience of essential infrastructure in a region on a scale of 0 (good) to 10 (bad).,World,annual,admin_national,snapshot_year,index,t,ğŸ—ï¸,equal
governance,Government stability,"[""Â© INFORM Initiative https://www.inform-index.org/""]","[[""good""], [""bad""]]","Level of governance stability affecting overall risk levels on a scale of 0 (good) to 10 (bad). The subjectivity of HFA Scores is counterweighted by arithmetical average with external indicators of Governance component, i.e. the Government Effectiveness and Corruption Perception Index. The Government Effectiveness captures perceptions of the quality of public services, the quality of the civil service and the degree of its independence from political pressures, the quality of policy formulation and implementation, and the credibility of the governmentâ€™s commitment to such policies while the Corruption Perception Index adds another perspective, that is the level of misuse of political power for privatebenefit, which is not directly considered in the construction of the Government Effectiveness even though interrelated.",World,annual,admin_national,snapshot_year,index,t,ğŸ“œ,equal
communication,Communication Capacity,"[""Â© INFORM Initiative https://www.inform-index.org/""]","[[""good""], [""bad""]]",Ability to disseminate information during crises affecting resilience on a scale of 0 (good) to 10 (bad).,World,annual,admin_national,snapshot_year,index,t,ğŸ“¡,equal
osm_atms_count,ATMs,"[""Â© OpenStreetMap contributors https://www.openstreetmap.org/copyright""]","[[""bad""], [""good""]]",Number of ATMs in OpenStreetMap.,World,daily,feature_derived,current_value,n,t,ğŸ§,proportional
osm_kindergartens_count,Kindergartens,"[""Â© OpenStreetMap contributors https://www.openstreetmap.org/copyright""]","[[""bad""], [""good""]]",Number of kindergartens in OpenStreetMap.,World,daily,feature_derived,current_value,n,t,ğŸ‘¶,proportional
physical_infrastructure,Physical Infrastructure,"[""Â© INFORM Initiative https://www.inform-index.org/""]","[[""good""], [""bad""]]","Physical infrastructure component is the arithmetic average of different proxy measures. Inform mainly try to assess the accessibility as well as the redundancy of the lifeline systems, which are crucial in a crisis situation, i.e. roads, water and sanitation systems on a scale of 0 (good) to 10 (bad).",World,annual,admin_national,snapshot_year,index,t,ğŸ¢,equal
access_to_health_care,Access to Health Care,"[""Â© INFORM Initiative https://www.inform-index.org/""]","[[""good""], [""bad""]]",Availability and quality of healthcare services on a scale of 0 (good) to 10 (bad).,World,annual,admin_national,snapshot_year,index,t,ğŸ©º,equal
osm_colleges_count,Colleges and Affiliates,"[""Â© OpenStreetMap contributors https://www.openstreetmap.org/copyright""]","[[""bad""], [""good""]]",Number of colleges and affiliates in OpenStreetMap.,World,daily,feature_derived,current_value,n,t,ğŸ‘©ğŸ¾â€ğŸ«,proportional
osm_universities_count,Higher Education Institutions and Affiliates,"[""Â© OpenStreetMap contributors https://www.openstreetmap.org/copyright""]","[[""bad""], [""good""]]",Number of higher education institutions and affiliates in OpenStreetMap.,World,daily,feature_derived,current_value,n,t,ğŸ“,proportional
osm_defibrillators_count,Defibrillators,"[""Â© OpenStreetMap contributors https://www.openstreetmap.org/copyright""]","[[""bad""], [""good""]]",Number of defibrillators in OpenStreetMap.,World,daily,feature_derived,current_value,n,t,ğŸ†˜,proportional
osm_airports_count,Airports,"[""Â© OpenStreetMap contributors https://www.openstreetmap.org/copyright""]","[[""bad""], [""good""]]",Number of airports in OpenStreetMap.,World,daily,feature_derived,current_value,n,t,ğŸ›¬,proportional
osm_railway_stations_count,Railway stations,"[""Â© OpenStreetMap contributors https://www.openstreetmap.org/copyright""]","[[""bad""], [""good""]]",Number of railway stations in OpenStreetMap.,World,daily,feature_derived,current_value,n,t,ğŸš‰,proportional
osm_public_transport_stops_count,Public transport stops,"[""Â© OpenStreetMap contributors https://www.openstreetmap.org/copyright""]","[[""bad""], [""good""]]","Number of public transports stops, except railways stations in OpenStreetMap.",World,daily,feature_derived,current_value,n,t,ğŸš,proportional
foursquare_os_places_count,Foursquare open source places,"[""Copyright 2024 Foursquare Labs, Inc. All rights reserved.""]","[[""bad""], [""good""]]",Total count of POIs in Foursquareâ€™s Open Source Places.,World,static,feature_derived,snapshot_year,n,t,ğŸ“,proportional
min_osm_heritage_admin_level,Heritage Protection Level,"[""Â© OpenStreetMap contributors https://www.openstreetmap.org/copyright""]","[[""important""], [""neutral""]]","The most significant recognized administrative level of heritage protection within each hex cell. For instance, a lower numeric value might correspond to an internationally recognized (e.g., UNESCO) site, while higher values may indicate national, regional, or local protections.",World,daily,feature_derived,current_value,n,t,ğŸ°,equal
area_km2,Area,"[""Concept of areas Â© Brahmagupta, RenÃ© Descartes""]","[[""neutral""], [""neutral""]]",Area of each hexagonal grid cell.,World,static,feature_derived,static,km2,t,ğŸ“,
coffee_shops_fsq_count,Coffee shops,"[""Copyright 2024 Foursquare Labs, Inc. All rights reserved.""]","[[""bad""], [""good""]]",Number of coffee shops POIs in Foursquareâ€™s Open Source Places.,World,static,feature_derived,snapshot_year,n,t,â˜•,proportional
kebab_restaurants_fsq_count,Kebab restaurants,"[""Copyright 2024 Foursquare Labs, Inc. All rights reserved.""]","[[""bad""], [""good""]]",Number of kebab restaurants POIs in Foursquareâ€™s Open Source Places.,World,static,feature_derived,snapshot_year,n,t,ğŸ¥™,proportional
business_and_professional_services_fsq_count,Business services,"[""Copyright 2024 Foursquare Labs, Inc. All rights reserved.""]","[[""bad""], [""good""]]",Number of business and professional services POIs in Foursquareâ€™s Open Source Places.,World,static,feature_derived,snapshot_year,n,t,ğŸ¢,proportional
dining_and_drinking_fsq_count,Dining and drinking,"[""Copyright 2024 Foursquare Labs, Inc. All rights reserved.""]","[[""bad""], [""good""]]",Number of dining and drinking POIs in Foursquareâ€™s Open Source Places.,World,static,feature_derived,snapshot_year,n,t,ğŸ½ï¸,proportional
retail_fsq_count,Retail,"[""Copyright 2024 Foursquare Labs, Inc. All rights reserved.""]","[[""bad""], [""good""]]",Number of retail POIs in Foursquareâ€™s Open Source Places.,World,static,feature_derived,snapshot_year,n,t,ğŸ›ï¸,proportional
community_and_government_fsq_count,Community and government,"[""Copyright 2024 Foursquare Labs, Inc. All rights reserved.""]","[[""bad""], [""good""]]",Number of community and government POIs in Foursquareâ€™s Open Source Places.,World,static,feature_derived,snapshot_year,n,t,ğŸ›ï¸,proportional
travel_and_transportation_fsq_count,Travel and transportation,"[""Copyright 2024 Foursquare Labs, Inc. All rights reserved.""]","[[""bad""], [""good""]]",Number of travel and transportation POIs in Foursquareâ€™s Open Source Places.,World,static,feature_derived,snapshot_year,n,t,âœˆï¸,proportional
landmarks_and_outdoors_fsq_count,Landmarks and outdoors,"[""Copyright 2024 Foursquare Labs, Inc. All rights reserved.""]","[[""bad""], [""good""]]",Number of landmarks and outdoor POIs in Foursquareâ€™s Open Source Places.,World,static,feature_derived,snapshot_year,n,t,ğŸï¸,proportional
health_and_medicine_fsq_count,Health and medicine,"[""Copyright 2024 Foursquare Labs, Inc. All rights reserved.""]","[[""bad""], [""good""]]",Number of health and medicine POIs in Foursquareâ€™s Open Source Places.,World,static,feature_derived,snapshot_year,n,t,âš•ï¸,proportional
arts_and_entertainment_fsq_count,Arts and entertainment,"[""Copyright 2024 Foursquare Labs, Inc. All rights reserved.""]","[[""bad""], [""good""]]",Number of arts and entertainment POIs in Foursquareâ€™s Open Source Places.,World,static,feature_derived,snapshot_year,n,t,ğŸ¨,proportional
sports_and_recreation_fsq_count,Sports and recreation,"[""Copyright 2024 Foursquare Labs, Inc. All rights reserved.""]","[[""bad""], [""good""]]",Number of sports and recreation POIs in Foursquareâ€™s Open Source Places.,World,static,feature_derived,snapshot_year,n,t,âš½,proportional
events_fsq_count,Events,"[""Copyright 2024 Foursquare Labs, Inc. All rights reserved.""]","[[""bad""], [""good""]]",Number of event POIs in Foursquareâ€™s Open Source Places.,World,static,feature_derived,snapshot_year,n,t,ğŸ‰,proportional
one,1,"[""Numbers Â© Muá¸¥ammad ibn MÅ«sÄ al-KhwÄrizmÄ«""]","[[""neutral""], [""neutral""]]",System indicator - one.,World,static,feature_derived,static,,t,1ï¸âƒ£,
populated_area_km2,Populated area,"[""Â© Kontur https://kontur.io/"", ""Facebook Connectivity Lab and Center for International Earth Science Information Network - CIESIN - Columbia University. 2016. High Resolution Settlement Layer (HRSL). Source imagery for HRSL Â© 2016 DigitalGlobe. https://dataforgood.fb.com/tools/population-density-maps/"", ""Dataset: Schiavina M., Freire S., Carioli A., MacManus K. (2023): GHS-POP R2023A - GHS population grid multitemporal (1975-2030).European Commission, Joint Research Centre (JRC) PID: http://data.europa.eu/89h/2ff68a52-5b5b-4a22-8f40-c41da8332cfe, doi:10.2905/2FF68A52-5B5B-4A22-8F40-C41DA8332CFE Concept & Methodology: Freire S., MacManus K., Pesaresi M., Doxsey-Whitfield E., Mills J. (2016) Development of new open and free multi-temporal global population grids at 250 m resolution. Geospatial Data in a Changing World; Association of Geographic Information Laboratories in Europe (AGILE), AGILE 2016"", ""Copernicus Global Land Service: Land Cover 100 m: Marcel Buchhorn, Bruno Smets, Luc Bertels, Bert De Roo, MyroslavaLesiv, Nandin - Erdene Tsendbazar, â€¦ Steffen Fritz. (2020). Copernicus Global Land Service: Land Cover 100m: collection 3: epoch 2019: Globe (Version V3.0.1) Data set. Zenodo. http://doi.org/10.5281/zenodo.3939050"", ""Microsoft Buildings: Australia, Canada, Tanzania, Uganda, USA: This data is licensed by Microsoft under the Open Data Commons Open Database License (ODbL)."", ""NZ Building Outlines data sourced from the LINZ Data Service - https://data.linz.govt.nz/"", ""Geoalert Urban Mapping: Chechnya, Moscow region, Tyva, Tashkent, Bukhara, Samarkand, Navoi, Chirchiq - https://github.com/Geoalert/urban-mapping"", ""Â© OpenStreetMap contributors https://www.openstreetmap.org/copyright""]","[[""unimportant""], [""important""]]",Populated area according to the actual release of Kontur Population dataset (2023.11.01).,World,daily,grid_fine,snapshot_year,km2,t,ğŸ¡,proportional
population,Population,"[""Â© Kontur https://kontur.io/"", ""Facebook Connectivity Lab and Center for International Earth Science Information Network - CIESIN - Columbia University. 2016. High Resolution Settlement Layer (HRSL). Source imagery for HRSL Â© 2016 DigitalGlobe. https://dataforgood.fb.com/tools/population-density-maps/"", ""Dataset: Schiavina M., Freire S., Carioli A., MacManus K. (2023): GHS-POP R2023A - GHS population grid multitemporal (1975-2030).European Commission, Joint Research Centre (JRC) PID: http://data.europa.eu/89h/2ff68a52-5b5b-4a22-8f40-c41da8332cfe, doi:10.2905/2FF68A52-5B5B-4A22-8F40-C41DA8332CFE Concept & Methodology: Freire S., MacManus K., Pesaresi M., Doxsey-Whitfield E., Mills J. (2016) Development of new open and free multi-temporal global population grids at 250 m resolution. Geospatial Data in a Changing World; Association of Geographic Information Laboratories in Europe (AGILE), AGILE 2016"", ""Copernicus Global Land Service: Land Cover 100 m: Marcel Buchhorn, Bruno Smets, Luc Bertels, Bert De Roo, MyroslavaLesiv, Nandin - Erdene Tsendbazar, â€¦ Steffen Fritz. (2020). Copernicus Global Land Service: Land Cover 100m: collection 3: epoch 2019: Globe (Version V3.0.1) Data set. Zenodo. http://doi.org/10.5281/zenodo.3939050"", ""Microsoft Buildings: Australia, Canada, Tanzania, Uganda, USA: This data is licensed by Microsoft under the Open Data Commons Open Database License (ODbL)."", ""NZ Building Outlines data sourced from the LINZ Data Service - https://data.linz.govt.nz/"", ""Geoalert Urban Mapping: Chechnya, Moscow region, Tyva, Tashkent, Bukhara, Samarkand, Navoi, Chirchiq - https://github.com/Geoalert/urban-mapping"", ""Â© OpenStreetMap contributors https://www.openstreetmap.org/copyright""]","[[""unimportant""], [""important""]]",Number of people living in a given area according to the actual release of Kontur Population dataset (2023.11.01). The dataset was produced by overlaying the Global Human Settlement Layer (GHSL) with available Facebook population data and constraining known artifacts using OpenStreetMap data. The datasets detailed methodology is available here: https://data.humdata.org/dataset/kontur-population-dataset,World,daily,grid_fine,snapshot_year,ppl,t,ğŸ‘«,proportional
total_building_count,Buildings,"[""Â© Kontur https://kontur.io/"", ""Copernicus Global Land Service: Land Cover 100 m: Marcel Buchhorn, Bruno Smets, Luc Bertels, Bert De Roo, MyroslavaLesiv, Nandin - Erdene Tsendbazar, â€¦ Steffen Fritz. (2020). Copernicus Global Land Service: Land Cover 100m: collection 3: epoch 2019: Globe (Version V3.0.1) Data set. Zenodo. http://doi.org/10.5281/zenodo.3939050"", ""Geoalert Urban Mapping: Chechnya, Moscow region, Tyva, Tashkent, Bukhara, Samarkand, Navoi, Chirchiq - https://github.com/Geoalert/urban-mapping"", ""Microsoft Buildings: Australia, Canada, Tanzania, Uganda, USA: This data is licensed by Microsoft under the Open Data Commons Open Database License (ODbL)."", ""NZ Building Outlines data sourced from the LINZ Data Service - https://data.linz.govt.nz/"", ""Â© OpenStreetMap contributors https://www.openstreetmap.org/copyright""]","[[""unimportant""], [""important""]]",Estimated number of buildings in a given area based on various data sources.,World,daily,grid_fine,current_value,n,t,ğŸ˜ï¸,proportional
wind_farms,Wind farms,"[""Â© OpenStreetMap contributors https://www.openstreetmap.org/copyright""]","[[""unimportant""], [""important""]]",Number of wind power generators in OpenStreetMap.,World,daily,feature_derived,current_value,n,t,ğŸŒ¬ï¸âš¡,proportional
pipeline_length,Pipeline length,"[""Â© OpenStreetMap contributors https://www.openstreetmap.org/copyright""]","[[""unimportant""], [""important""]]",Total length of pipelines in OpenStreetMap.,World,daily,feature_derived,current_value,km,t,ğŸ›¢ï¸,proportional
communication_line_length,Communication lines length,"[""Â© OpenStreetMap contributors https://www.openstreetmap.org/copyright""]","[[""unimportant""], [""important""]]",Total length of communication lines in OpenStreetMap.,World,daily,feature_derived,current_value,km,t,ğŸ“¡,proportional
motor_vehicle_road_length,Motor vehicle road length,"[""Â© OpenStreetMap contributors https://www.openstreetmap.org/copyright""]","[[""unimportant""], [""important""]]",Length of roads drivable by motor vehicle in OpenStreetMap.,World,daily,feature_derived,current_value,km,t,ğŸš—ğŸ›£ï¸,proportional
timezone_offset,Timezone UTC offset,"[""Â© OpenStreetMap contributors https://www.openstreetmap.org/copyright""]","[[""neutral""], [""neutral""]]",Average timezone offset from UTC according to timezone tag.,World,daily,feature_derived,current_value,h,t,ğŸ•“,equal
min_osm_building_construction_year,Earliest building construction year,"[""Â© OpenStreetMap contributors https://www.openstreetmap.org/copyright""]","[[""important""], [""unimportant""]]","Earliest construction year of buildings in OSM from construction_date, year_of_construction, start_date or opening_date tags.",World,daily,feature_derived,current_value,years,t,ğŸ°ğŸ“…,equal
max_osm_building_construction_year,Latest building construction year,"[""Â© OpenStreetMap contributors https://www.openstreetmap.org/copyright""]","[[""unimportant""], [""important""]]","Latest construction year of buildings in OSM from construction_date, year_of_construction, start_date or opening_date tags.",World,daily,feature_derived,current_value,years,t,ğŸ ğŸ“…,equal
avg_osm_building_construction_year,Average building construction year,"[""Â© OpenStreetMap contributors https://www.openstreetmap.org/copyright""]","[[""unimportant""], [""important""]]","Average construction year of buildings in OSM from construction_date, year_of_construction, start_date or opening_date tags.",World,daily,feature_derived,current_value,years,t,ğŸ˜ï¸ğŸ“…,equal
railway_length,Railway length,"[""Â© OpenStreetMap contributors https://www.openstreetmap.org/copyright""]","[[""unimportant""], [""important""]]",Total length of railways in OpenStreetMap.,World,daily,feature_derived,current_value,km,t,ğŸš†,proportional