vol_number,vol_name,vol_type_primary,activity_evidence,last_known_eruption,elevation_m,lat,lon
211010,Campi Flegrei,Caldera,Eruption Observed,1538 CE,458,40.827,14.139
211020,Vesuvius,Stratovolcano,Eruption Observed,1944 CE,1281,40.821,14.426
211030,Ischia,Complex,Eruption Observed,1302 CE,789,40.73,13.897
211040,Stromboli,Stratovolcano,Eruption Observed,2021 CE,924,38.789,15.213
211042,Lipari,Stratovolcano(es),Eruption Dated,1230 CE,590,38.49,14.933
211050,Vulcano,Stratovolcano(es),Eruption Observed,1890 CE,500,38.404,14.962
211060,Etna,Stratovolcano(es),Eruption Observed,2021 CE,3320,37.748,14.999
211070,Campi Flegrei del Mar di Sicilia,Submarine,Eruption Observed,1867 CE,-8,37.1,12.7
211071,Pantelleria,Shield,Eruption Observed,1891 CE,836,36.77,12.02
212030,Milos,Stratovolcano(es),Eruption Dated,140 CE,751,36.699,24.439
212040,Santorini,Shield(s),Eruption Observed,1950 CE,367,36.404,25.396
212050,Nisyros,Stratovolcano,Eruption Observed,1888 CE,698,36.586,27.16
213020,Nemrut Dagi,Stratovolcano,Eruption Observed,1650 CE,2948,38.654,42.229
213030,Tenduruk Dagi,Shield,Eruption Observed,1855 CE,3514,39.356,43.874
213040,Ararat,Stratovolcano,Eruption Observed,1840 CE,5165,39.7,44.3
214010,Elbrus,Stratovolcano,Eruption Dated,50 CE,5642,43.351,42.442
221010,"Tair, Jebel at",Stratovolcano,Eruption Observed,2008 CE,244,15.55,41.83
221020,Zubair Group,Shield,Eruption Observed,2013 CE,191,15.05,42.18
221041,Dallol,Explosion crater(s),Eruption Observed,2011 CE,-48,14.242,40.3
221060,Alu-Dalafilla,Fissure vent(s),Eruption Observed,2008 CE,578,13.793,40.553
221080,Erta Ale,Shield,Eruption Observed,2020 CE,613,13.6,40.67
221100,Dubbi,Stratovolcano,Eruption Observed,1861 CE,1625,13.579,41.809
221101,Nabro,Stratovolcano,Eruption Observed,2012 CE,2218,13.37,41.7
221112,Alayta,Shield,Eruption Observed,1915 CE,1496,12.888,40.573
221113,Dabbahu,Stratovolcano,Eruption Observed,2005 CE,1401,12.595,40.48
221115,Manda Hararo,Shield(s),Eruption Observed,2009 CE,600,12.17,40.82
221122,Manda-Inakir,Fissure vent(s),Eruption Observed,1928 CE,600,12.38,42.2
221126,Ardoukoba,Fissure vent(s),Eruption Observed,1978 CE,298,11.58,42.47
221141,Dama Ali,Shield,Eruption Observed,1631 CE,1068,11.28,41.63
221190,Fentale,Stratovolcano,Eruption Observed,1820 CE,2007,8.975,39.93
221200,Kone,Caldera(s),Eruption Observed,1820 CE,1380,8.788,39.701
221250,Tullu Moye,Pyroclastic cone,Eruption Observed,1900 CE,2343,8.159,39.137
222020,South Island,Stratovolcano,Eruption Observed,1888 CE,800,2.63,36.6
222030,"Barrier, The",Shield,Eruption Observed,1921 CE,1032,2.32,36.57
222051,Emuruangogolak,Shield,Eruption Dated,1910 CE,1285,1.5,36.33
222090,Olkaria,Pyroclastic cone(s),Eruption Dated,1770 CE,2434,-0.904,36.292
222100,Longonot,Stratovolcano,Eruption Dated,1863 CE,2776,-0.914,36.446
222120,"Lengai, Ol Doinyo",Stratovolcano,Eruption Observed,2021 CE,2962,-2.764,35.914
222130,Chyulu Hills,Volcanic field,Eruption Dated,1855 CE,2188,-2.68,37.88
222160,Meru,Stratovolcano,Eruption Observed,1910 CE,4565,-3.25,36.75
222164,Ngozi,Caldera,Eruption Dated,1450 CE,2614,-8.989,33.554
222166,Rungwe,Stratovolcano,Eruption Dated,1250 CE,2953,-9.135,33.668
222170,Kyejo,Stratovolcano,Eruption Observed,1800 CE,2176,-9.229,33.792
223020,Nyamulagira,Shield,Eruption Observed,2021 CE,3058,-1.408,29.2
223030,Nyiragongo,Stratovolcano,Eruption Observed,2021 CE,3470,-1.52,29.25
223050,Visoke,Stratovolcano,Eruption Observed,1957 CE,3696,-1.458,29.485
224004,Santa Isabel,Shield,Eruption Observed,1923 CE,2999,3.588,8.762
224010,Cameroon,Stratovolcano,Eruption Observed,2000 CE,4095,4.203,9.17
225060,Bayuda Volcanic Field,Pyroclastic cone(s),Eruption Dated,850 CE,670,18.33,32.75
231001,Harrat Ash Shaam,Volcanic field,Eruption Observed,1850 CE,1100,32.333,37.583
231040,"Lunayyir, Harrat",Volcanic field,Eruption Observed,1000 CE,1370,25.17,37.75
231060,"Khaybar, Harrat",Volcanic field,Eruption Observed,650 CE,2093,25.5,40
231070,"Rahat, Harrat",Volcanic field,Eruption Observed,1256 CE,1744,23.08,39.78
231080,"Yar, Jabal",Volcanic field,Eruption Observed,1810 CE,305,17.05,42.83
231090,"Arhab, Harra of",Volcanic field,Eruption Observed,500 CE,3100,15.63,44.08
231120,"Dhamar, Harras of",Volcanic field,Eruption Observed,1937 CE,3500,14.57,44.67
231160,"Sawad, Harra Es-",Volcanic field,Eruption Observed,1253 CE,1737,13.58,46.12
233005,Mayotte,Shield,Eruption Observed,2019 CE,660,-12.83,45.17
233010,Karthala,Shield,Eruption Observed,2007 CE,2361,-11.75,43.38
233020,"Fournaise, Piton de la",Shield,Eruption Observed,2021 CE,2632,-21.244,55.708
234000,Boomerang Seamount,Submarine,Eruption Dated,1995 CE,-650,-37.721,77.825
234002,St. Paul,Stratovolcano,Eruption Observed,1793 CE,268,-38.72,77.53
234010,Heard,Stratovolcano,Eruption Observed,2021 CE,2745,-53.106,73.513
234011,McDonald Islands,Complex,Eruption Observed,2005 CE,230,-53.03,72.6
234070,Marion Island,Shield(s),Eruption Observed,2004 CE,1230,-46.9,37.75
241010,Kaikohe-Bay of Islands,Volcanic field,Eruption Dated,400 CE,388,-35.3,173.9
241020,Auckland Volcanic Field,Volcanic field,Eruption Dated,1350 CE,260,-36.9,174.87
241030,Taranaki,Stratovolcano,Eruption Observed,1800 CE,2518,-39.3,174.07
241040,Whakaari/White Island,Stratovolcano(es),Eruption Observed,2019 CE,294,-37.52,177.18
241050,Okataina,Lava dome(s),Eruption Observed,1981 CE,1111,-38.12,176.5
241060,Reporoa,Caldera,Eruption Dated,1180 CE,592,-38.42,176.33
241061,Maroa,Caldera(s),Eruption Dated,180 CE,897,-38.42,176.08
241070,Taupo,Caldera,Eruption Dated,260 CE,760,-38.82,176
241080,Tongariro,Stratovolcano(es),Eruption Observed,2012 CE,1978,-39.157,175.632
241100,Ruapehu,Stratovolcano,Eruption Observed,2007 CE,2797,-39.28,175.57
241130,Rumble III,Submarine,Eruption Observed,2008 CE,-220,-35.745,178.478
241140,Healy,Submarine,Eruption Dated,1360 CE,-980,-35.004,178.973
242005,Havre Seamount,Submarine,Eruption Observed,2012 CE,-897,-31.08,-179.033
242030,Raoul Island,Stratovolcano,Eruption Observed,2006 CE,516,-29.27,-177.92
242050,Monowai,Submarine,Eruption Observed,2012 CE,-132,-25.887,-177.188
243010,Unnamed,Submarine,Eruption Observed,1932 CE,-68,-21.338,-175.65
243030,Unnamed,Submarine,Eruption Observed,2017 CE,-296,-20.852,-175.55
243040,Hunga Tonga-Hunga Ha'apai,Submarine,Eruption Observed,2015 CE,114,-20.536,-175.382
243050,Fonuafo'ou,Submarine,Eruption Observed,1936 CE,-17,-20.32,-175.42
243060,Tofua,Caldera,Eruption Observed,2021 CE,515,-19.75,-175.07
243061,Kao,Stratovolcano,Eruption Observed,1847 CE,1009,-19.668,-175.016
243070,Lateiki,Submarine,Eruption Observed,2019 CE,43,-19.18,-174.87
243080,Home Reef,Submarine,Eruption Observed,2006 CE,-10,-18.992,-174.775
243090,Late,Stratovolcano,Eruption Observed,1854 CE,540,-18.806,-174.65
243091,Unnamed,Submarine,Eruption Observed,2001 CE,-40,-18.325,-174.365
243100,Fonualei,Stratovolcano,Eruption Observed,1957 CE,188,-18.023,-174.317
243102,Curacoa,Submarine,Eruption Observed,1979 CE,-33,-15.62,-173.67
243110,Niuafo'ou,Shield,Eruption Observed,1985 CE,260,-15.6,-175.63
243120,Tafu-Maka,Submarine,Eruption Observed,2008 CE,-1400,-15.37,-174.23
243130,West Mata,Submarine,Eruption Observed,2009 CE,-1174,-15.1,-173.75
244000,Vailulu'u,Submarine,Eruption Observed,2003 CE,-592,-14.215,-169.058
244010,Ofu-Olosega,Shield(s),Eruption Observed,1866 CE,639,-14.175,-169.618
244020,Tutuila,Tuff cone(s),Eruption Dated,440 CE,653,-14.295,-170.7
244040,Savai'i,Shield,Eruption Observed,1911 CE,1858,-13.612,-172.525
245010,Taveuni,Shield,Eruption Dated,1550 CE,1241,-16.82,-179.97
245030,Nabukelevu,Lava dome(s),Eruption Dated,1660 CE,805,-19.12,177.98
250010,St. Andrew Strait,Complex,Eruption Observed,1957 CE,270,-2.38,147.35
250030,Central Bismarck Sea,Submarine,Eruption Dated,1972 CE,-1300,-3.03,147.78
251010,Bam,Stratovolcano,Eruption Observed,1960 CE,685,-3.613,144.818
251020,Manam,Stratovolcano,Eruption Observed,2021 CE,1807,-4.08,145.037
251030,Karkar,Stratovolcano,Eruption Observed,2014 CE,1839,-4.649,145.964
251050,Long Island,Complex,Eruption Observed,1993 CE,1280,-5.358,147.12
251070,Ritter Island,Stratovolcano,Eruption Observed,2007 CE,75,-5.519,148.115
252010,Langila,Complex,Eruption Observed,2021 CE,1330,-5.525,148.42
252040,Dakataua,Caldera,Eruption Dated,1895 CE,408,-5.094,150.094
252070,Krummel-Garbuna-Welcker,Stratovolcano(es),Eruption Observed,2008 CE,564,-5.416,150.027
252080,Witori,Caldera,Eruption Observed,2012 CE,724,-5.576,150.516
252100,Hargy,Stratovolcano,Eruption Dated,950 CE,1148,-5.33,151.1
252110,Bamus,Stratovolcano,Eruption Observed,1886 CE,2248,-5.2,151.23
252120,Ulawun,Stratovolcano,Eruption Observed,2019 CE,2334,-5.05,151.33
252130,Lolobau,Caldera,Eruption Observed,1912 CE,858,-4.92,151.158
252140,Rabaul,Pyroclastic shield,Eruption Observed,2014 CE,688,-4.271,152.203
253010,Lamington,Stratovolcano,Eruption Observed,1956 CE,1680,-8.95,148.15
253030,Victory,Stratovolcano,Eruption Observed,1935 CE,1925,-9.2,149.07
253040,Waiowa,Pyroclastic cone,Eruption Observed,1944 CE,640,-9.57,149.075
253060,Dawson Strait Group,Volcanic field,Eruption Dated,1350 CE,500,-9.62,150.88
255011,Billy Mitchell,Pyroclastic shield,Eruption Dated,1580 CE,1544,-6.092,155.225
255020,Bagana,Lava cone,Eruption Observed,2021 CE,1855,-6.137,155.196
255050,Simbo,Stratovolcano(es),Eruption Dated,1910 CE,335,-8.292,156.52
255060,Kavachi,Submarine,Eruption Observed,2021 CE,-20,-8.991,157.979
255070,Savo,Stratovolcano,Eruption Observed,1847 CE,485,-9.13,159.82
256010,Tinakula,Stratovolcano,Eruption Observed,2021 CE,796,-10.386,165.804
257010,Suretamatai,Complex,Eruption Observed,1966 CE,921,-13.8,167.47
257020,Gaua,Stratovolcano,Eruption Observed,2011 CE,797,-14.27,167.5
257030,Ambae,Shield,Eruption Observed,2018 CE,1496,-15.389,167.835
257040,Ambrym,Pyroclastic shield,Eruption Observed,2018 CE,1334,-16.25,168.12
257050,Lopevi,Stratovolcano,Eruption Observed,2007 CE,1413,-16.507,168.346
257060,Epi,Stratovolcano(es),Eruption Observed,2004 CE,833,-16.68,168.37
257070,Kuwae,Caldera,Eruption Observed,1974 CE,-2,-16.829,168.536
257090,Traitor's Head,Stratovolcano,Eruption Observed,1881 CE,817,-18.754,169.238
257100,Yasur,Stratovolcano,Eruption Observed,2021 CE,361,-19.532,169.447
258001,Eastern Gemini Seamount,Submarine,Eruption Observed,1996 CE,-80,-20.98,170.28
258010,Matthew Island,Stratovolcano,Eruption Observed,1956 CE,177,-22.33,171.32
258020,Hunter Island,Stratovolcano,Eruption Observed,1903 CE,297,-22.4,172.05
260010,Barren Island,Stratovolcano,Eruption Observed,2021 CE,354,12.278,93.858
261020,Seulawah Agam,Stratovolcano,Eruption Observed,1839 CE,1810,5.448,95.658
261030,Peuet Sague,Complex,Eruption Observed,2000 CE,2785,4.903,96.289
261050,"Telong, Bur ni",Stratovolcano,Eruption Observed,1937 CE,2617,4.769,96.821
261070,Singkut,Caldera(s),Eruption Observed,1881 CE,2181,3.248,98.501
261080,Sinabung,Stratovolcano,Eruption Observed,2021 CE,2460,3.17,98.392
261120,Sorikmarapi,Stratovolcano,Eruption Observed,1986 CE,2145,0.686,99.539
261140,Marapi,Complex,Eruption Observed,2018 CE,2885,-0.38,100.474
261150,Tandikat-Singgalang,Stratovolcano(es),Eruption Observed,1924 CE,2854,-0.39,100.331
261160,Talang,Stratovolcano,Eruption Observed,2007 CE,2575,-0.979,100.681
261170,Kerinci,Stratovolcano,Eruption Observed,2020 CE,3800,-1.697,101.264
261180,Sumbing,Stratovolcano,Eruption Observed,1921 CE,2507,-2.414,101.728
261220,Kaba,Stratovolcano,Eruption Observed,2000 CE,1940,-3.522,102.615
261230,Dempo,Stratovolcano(es),Eruption Observed,2017 CE,3142,-4.016,103.121
261270,Suoh,Caldera(s),Eruption Observed,1933 CE,1000,-5.25,104.27
262000,Krakatau,Caldera,Eruption Observed,2020 CE,155,-6.102,105.423
263040,Perbakti-Gagak,Stratovolcano(es),Eruption Observed,1939 CE,1699,-6.75,106.7
263050,Salak,Stratovolcano,Eruption Observed,1938 CE,2211,-6.72,106.73
263060,Gede-Pangrango,Stratovolcano(es),Eruption Observed,1957 CE,3008,-6.77,106.965
263090,Tangkuban Parahu,Stratovolcano,Eruption Observed,2019 CE,2084,-6.77,107.6
263100,Papandayan,Stratovolcano(es),Eruption Observed,2002 CE,2665,-7.32,107.73
263130,Guntur,Complex,Eruption Observed,1847 CE,2249,-7.143,107.84
263140,Galunggung,Stratovolcano,Eruption Observed,1984 CE,2168,-7.25,108.058
263170,Cereme,Stratovolcano,Eruption Observed,1951 CE,3039,-6.895,108.408
263180,Slamet,Stratovolcano,Eruption Observed,2014 CE,3428,-7.242,109.208
263200,Dieng Volcanic Complex,Complex,Eruption Observed,2021 CE,2565,-7.2,109.879
263210,Sundoro,Stratovolcano,Eruption Observed,1971 CE,3136,-7.3,109.992
263220,Sumbing,Stratovolcano,Eruption Observed,1730 CE,3371,-7.384,110.07
263240,Merbabu,Stratovolcano,Eruption Observed,1797 CE,3118,-7.454,110.44
263250,Merapi,Stratovolcano,Eruption Observed,2021 CE,2910,-7.54,110.446
263260,Lawu,Stratovolcano,Eruption Observed,1885 CE,3265,-7.625,111.192
263280,Kelut,Stratovolcano,Eruption Observed,2014 CE,1731,-7.93,112.308
263290,Arjuno-Welirang,Stratovolcano,Eruption Observed,1952 CE,3339,-7.733,112.575
263300,Semeru,Stratovolcano,Eruption Observed,2021 CE,3657,-8.108,112.922
263310,Tengger Caldera,Stratovolcano(es),Eruption Observed,2020 CE,2329,-7.942,112.95
263320,Lamongan,Stratovolcano,Eruption Observed,1898 CE,1641,-7.981,113.341
263340,Raung,Stratovolcano,Eruption Observed,2021 CE,3260,-8.119,114.056
263350,Ijen,Stratovolcano(es),Eruption Observed,1999 CE,2769,-8.058,114.242
264010,Batur,Caldera,Eruption Observed,2000 CE,1717,-8.242,115.375
264020,Agung,Stratovolcano,Eruption Observed,2019 CE,2997,-8.343,115.508
264030,Rinjani,Stratovolcano,Eruption Observed,2016 CE,3726,-8.42,116.47
264040,Tambora,Stratovolcano,Eruption Observed,1967 CE,2850,-8.25,118
264050,Sangeang Api,Complex,Eruption Observed,2020 CE,1912,-8.2,119.07
264071,Ranakah,Lava dome(s),Eruption Observed,1991 CE,2350,-8.62,120.52
264090,Inielika,Complex,Eruption Observed,2001 CE,1559,-8.73,120.98
264100,Ebulobo,Stratovolcano,Eruption Observed,1969 CE,2096,-8.817,121.191
264110,Iya,Stratovolcano,Eruption Observed,1969 CE,618,-8.891,121.641
264140,Kelimutu,Complex,Eruption Observed,1968 CE,1639,-8.77,121.82
264150,Paluweh,Stratovolcano,Eruption Observed,2013 CE,875,-8.32,121.708
264160,Egon,Stratovolcano,Eruption Observed,2008 CE,1661,-8.676,122.455
264180,Lewotobi,Stratovolcano(es),Eruption Observed,2003 CE,1703,-8.542,122.775
264200,Leroboleng,Complex,Eruption Observed,2003 CE,1095,-8.365,122.833
264220,Iliboleng,Stratovolcano,Eruption Observed,1993 CE,1659,-8.342,123.258
264230,Lewotolok,Stratovolcano,Eruption Observed,2021 CE,1431,-8.274,123.508
264250,Iliwerung,Complex,Eruption Observed,2013 CE,1018,-8.53,123.57
264260,"Tara, Batu",Stratovolcano,Eruption Observed,2015 CE,633,-7.791,123.585
264270,Sirung,Complex,Eruption Observed,2015 CE,862,-8.508,124.13
265030,Gunungapi Wetar,Stratovolcano,Eruption Observed,1699 CE,282,-6.642,126.65
265040,Wurlali,Stratovolcano,Eruption Observed,1892 CE,868,-7.125,128.675
265050,Teon,Stratovolcano,Eruption Observed,1904 CE,728,-6.976,129.144
265060,Nila,Stratovolcano,Eruption Observed,1968 CE,781,-6.73,129.5
265070,Serua,Stratovolcano,Eruption Observed,1921 CE,608,-6.312,130.017
265090,Banda Api,Caldera,Eruption Observed,1988 CE,596,-4.523,129.881
266010,Colo,Stratovolcano,Eruption Observed,1983 CE,404,-0.162,121.601
266020,Ambang,Complex,Eruption Observed,2005 CE,1795,0.75,124.42
266030,Soputan,Stratovolcano,Eruption Observed,2020 CE,1785,1.112,124.737
266100,Lokon-Empung,Stratovolcano(es),Eruption Observed,2015 CE,1580,1.358,124.792
266110,Mahawu,Stratovolcano,Eruption Observed,1977 CE,1299,1.352,124.865
266130,Tangkoko-Duasudara,Stratovolcano,Eruption Observed,1880 CE,1334,1.518,125.185
267010,Ruang,Stratovolcano,Eruption Observed,2002 CE,725,2.3,125.37
267020,Karangetang,Stratovolcano,Eruption Observed,2021 CE,1797,2.781,125.407
267030,Banua Wuhu,Submarine,Eruption Observed,1919 CE,-5,3.138,125.491
267040,Awu,Stratovolcano,Eruption Observed,2004 CE,1318,3.689,125.447
268010,Dukono,Complex,Eruption Observed,2021 CE,1229,1.693,127.894
268030,Ibu,Stratovolcano,Eruption Observed,2021 CE,1325,1.488,127.63
268040,Gamkonora,Stratovolcano,Eruption Observed,2007 CE,1635,1.38,127.53
268060,Gamalama,Stratovolcano(es),Eruption Observed,2018 CE,1715,0.8,127.33
268070,Makian,Stratovolcano,Eruption Observed,1988 CE,1357,0.32,127.4
271011,Parker,Stratovolcano,Eruption Observed,1641 CE,1824,6.113,124.892
271020,Matutum,Stratovolcano,Eruption Dated,1290 CE,2286,6.37,125.07
271031,Leonard Range,Stratovolcano,Eruption Dated,120 CE,1080,7.382,126.047
271040,Makaturing,Stratovolcano,Eruption Observed,1882 CE,1818,7.644,124.317
271060,Ragang,Stratovolcano,Eruption Observed,1916 CE,2790,7.691,124.507
271080,Camiguin,Stratovolcano(es),Eruption Observed,1953 CE,1552,9.203,124.673
272020,Kanlaon,Stratovolcano,Eruption Observed,2017 CE,2435,10.412,123.132
272050,Cabalían,Stratovolcano,Eruption Dated,1820 CE,912,10.285,125.218
272080,Biliran,Compound,Eruption Observed,1939 CE,1301,11.523,124.535
273010,Bulusan,Stratovolcano(es),Eruption Observed,2017 CE,1535,12.769,124.056
273030,Mayon,Stratovolcano,Eruption Observed,2019 CE,2462,13.257,123.685
273060,San Pablo Volcanic Field,Stratovolcano,Eruption Dated,1350 CE,1090,14.12,121.3
273070,Taal,Caldera,Eruption Observed,2020 CE,311,14.002,120.993
273083,Pinatubo,Stratovolcano,Eruption Observed,1993 CE,1486,15.13,120.35
273090,Cagua,Stratovolcano,Eruption Observed,1860 CE,1133,18.222,122.123
274010,Camiguin de Babuyanes,Stratovolcano,Eruption Observed,1857 CE,712,18.83,121.86
274020,Didicas,Compound,Eruption Observed,1978 CE,228,19.077,122.202
274030,Babuyan Claro,Stratovolcano(es),Eruption Observed,1924 CE,1080,19.523,121.94
274050,Unnamed,Submarine,Eruption Observed,1854 CE,-24,20.33,121.75
274060,Iraya,Stratovolcano,Eruption Observed,1454 CE,1009,20.469,122.01
275001,Hainan Volcanic Field,Pyroclastic cone(s),Eruption Observed,1933 CE,196,19.905,110.229
275060,"Cendres, Ile des",Submarine,Eruption Observed,1923 CE,-20,10.158,109.014
281031,Kueishantao,Stratovolcano,Eruption Observed,1853 CE,361,24.841,121.953
281032,Tatun Volcanic Group,Lava dome(s),Eruption Dated,648 CE,1120,25.178,121.553
282010,Submarine Volcano NNE of Iriomotejima,Submarine,Eruption Observed,1924 CE,-200,24.57,123.93
282020,Io-Torishima,Complex,Eruption Observed,1968 CE,212,27.881,128.223
282021,Yokoatejima,Stratovolcano(es),Eruption Observed,1835 CE,495,28.797,128.997
282030,Suwanosejima,Stratovolcano(es),Eruption Observed,2021 CE,796,29.638,129.714
282040,Nakanoshima,Stratovolcano(es),Eruption Observed,1914 CE,979,29.859,129.857
282043,Kuchinoshima,Stratovolcano(es),Eruption Dated,1190 CE,628,29.968,129.926
282050,Kuchinoerabujima,Stratovolcano(es),Eruption Observed,2020 CE,657,30.443,130.217
282060,Kikai,Caldera,Eruption Observed,2020 CE,704,30.793,130.305
282070,Ata,Caldera(s),Eruption Observed,885 CE,924,31.22,130.57
282080,Aira,Caldera,Eruption Observed,2021 CE,1117,31.593,130.657
282090,Kirishimayama,Shield,Eruption Observed,2018 CE,1700,31.934,130.862
282100,Unzendake,Complex,Eruption Observed,1996 CE,1483,32.761,130.299
282110,Asosan,Caldera,Eruption Observed,2020 CE,1592,32.884,131.104
282120,Kujusan,Stratovolcano(es),Eruption Observed,1996 CE,1791,33.086,131.249
282130,Yufu-Tsurumi,Lava dome(s),Eruption Observed,867 CE,1584,33.282,131.39
283002,Sanbesan,Stratovolcano,Eruption Dated,650 CE,1126,35.141,132.622
283010,Izu-Tobu,Pyroclastic cone(s),Eruption Observed,1989 CE,1406,34.9,139.098
283020,Hakoneyama,Complex,Eruption Dated,2015 CE,1438,35.233,139.021
283030,Fujisan,Stratovolcano,Eruption Observed,1708 CE,3776,35.361,138.728
283031,Yokodake,Stratovolcano(es),Eruption Dated,1200 CE,2480,36.087,138.32
283040,Ontakesan,Complex,Eruption Observed,2014 CE,3067,35.893,137.48
283050,Hakusan,Stratovolcano,Eruption Observed,1659 CE,2702,36.155,136.771
283070,Yakedake,Stratovolcano(es),Eruption Observed,1995 CE,2455,36.227,137.587
283080,Midagahara,Stratovolcano,Eruption Observed,1839 CE,2621,36.571,137.59
283090,Niigata-Yakeyama,Lava dome,Eruption Observed,1998 CE,2400,36.921,138.036
283110,Asamayama,Complex,Eruption Observed,2019 CE,2568,36.406,138.523
283120,Kusatsu-Shiranesan,Stratovolcano(es),Eruption Observed,2018 CE,2165,36.618,138.528
283122,Harunasan,Stratovolcano,Eruption Dated,550 CE,1449,36.477,138.851
283131,Hiuchigatake,Stratovolcano,Eruption Observed,1544 CE,2356,36.955,139.285
283140,Nikko-Shiranesan,Shield,Eruption Observed,1952 CE,2578,36.799,139.376
283150,Nasudake,Stratovolcano(es),Eruption Observed,1963 CE,1915,37.125,139.963
283160,Bandaisan,Stratovolcano,Eruption Observed,1888 CE,1816,37.601,140.072
283170,Adatarayama,Stratovolcano(es),Eruption Observed,1996 CE,1728,37.647,140.281
283180,Azumayama,Stratovolcano(es),Eruption Observed,1977 CE,1949,37.735,140.244
283190,Zaozan [Zaosan],Complex,Eruption Observed,1940 CE,1841,38.144,140.44
283200,Naruko,Caldera,Eruption Observed,837 CE,470,38.729,140.734
283210,Kurikomayama,Stratovolcano,Eruption Observed,1950 CE,1627,38.961,140.788
283220,Chokaisan,Stratovolcano(es),Eruption Observed,1974 CE,2236,39.099,140.049
283230,Akita-Komagatake,Stratovolcano(es),Eruption Observed,1971 CE,1637,39.761,140.799
283240,Iwatesan,Complex,Eruption Observed,1919 CE,2038,39.853,141.001
283260,Akita-Yakeyama,Stratovolcano,Eruption Observed,1997 CE,1366,39.964,140.757
283270,Iwakisan,Stratovolcano,Eruption Observed,1863 CE,1625,40.656,140.303
283271,Towada,Caldera,Eruption Observed,915 CE,1011,40.51,140.88
283280,Hakkodasan,Stratovolcano(es),Eruption Dated,1550 CE,1585,40.659,140.877
283290,Osorezan,Stratovolcano,Eruption Observed,1787 CE,878,41.279,141.12
284010,Izu-Oshima,Stratovolcano,Eruption Observed,1990 CE,758,34.724,139.394
284020,Niijima,Lava dome(s),Eruption Observed,886 CE,432,34.397,139.27
284030,Kozushima,Lava dome(s),Eruption Observed,838 CE,572,34.219,139.153
284040,Miyakejima,Stratovolcano,Eruption Observed,2010 CE,775,34.094,139.526
284050,Hachijojima,Stratovolcano(es),Eruption Observed,1606 CE,854,33.137,139.766
284060,Aogashima,Stratovolcano,Eruption Observed,1785 CE,423,32.458,139.759
284070,Myojinsho,Submarine,Eruption Observed,1970 CE,11,31.888,139.918
284080,Sumisujima,Submarine,Eruption Observed,1916 CE,136,31.44,140.051
284090,Izu-Torishima,Stratovolcano,Eruption Observed,2002 CE,394,30.484,140.303
284096,Nishinoshima,Caldera,Eruption Observed,2020 CE,25,27.247,140.874
284100,Kaitoku Seamount,Submarine,Eruption Observed,1984 CE,-95,26.127,141.102
284110,Kita-Ioto,Stratovolcano,Eruption Observed,1945 CE,792,25.424,141.284
284120,Ioto,Caldera,Eruption Observed,2012 CE,169,24.751,141.289
284121,Kita-Fukutokutai,Submarine,Eruption Observed,1954 CE,-73,24.417,141.417
284130,Fukutoku-Oka-no-Ba,Submarine,Eruption Observed,2010 CE,-29,24.285,141.481
284131,Minami-Hiyoshi,Submarine,Eruption Observed,1975 CE,-107,23.5,141.935
284133,Fukujin,Submarine,Eruption Observed,1974 CE,-217,21.93,143.47
284134,Kasuga 1,Submarine,Eruption Observed,1959 CE,-598,21.765,143.71
284140,Farallon de Pajaros,Stratovolcano,Eruption Observed,1967 CE,337,20.546,144.893
284141,Ahyi,Submarine,Eruption Dated,2014 CE,-75,20.42,145.03
284142,Supply Reef,Submarine,Eruption Dated,1989 CE,-8,20.13,145.1
284150,Asuncion,Stratovolcano,Eruption Observed,1906 CE,857,19.671,145.406
284160,Agrigan,Stratovolcano,Eruption Observed,1917 CE,965,18.77,145.67
284170,Pagan,Stratovolcano(es),Eruption Observed,2012 CE,570,18.13,145.8
284180,Alamagan,Stratovolcano,Eruption Dated,870 CE,744,17.6,145.83
284190,Guguan,Stratovolcano,Eruption Observed,1883 CE,287,17.307,145.845
284193,South Sarigan Seamount,Submarine,Eruption Observed,2010 CE,-184,16.58,145.78
284200,Anatahan,Stratovolcano,Eruption Observed,2008 CE,790,16.35,145.67
284202,Ruby,Submarine,Eruption Observed,1995 CE,-230,15.62,145.57
284211,NW Rota-1,Submarine,Eruption Observed,2010 CE,-517,14.601,144.775
284305,Mariana Back-Arc Segment at 15.5°N,Submarine,Eruption Dated,2015 CE,-4100,15.406,144.506
285010,Oshima-Oshima,Stratovolcano,Eruption Observed,1790 CE,732,41.51,139.367
285011,Esan,Lava dome(s),Eruption Observed,1874 CE,618,41.805,141.166
285020,Hokkaido-Komagatake,Stratovolcano,Eruption Observed,2000 CE,1131,42.063,140.677
285030,Toya,Stratovolcano,Eruption Observed,2001 CE,733,42.544,140.839
285034,Kuttara,Stratovolcano(es),Eruption Dated,1820 CE,549,42.491,141.16
285040,Shikotsu,Caldera,Eruption Observed,1979 CE,1320,42.688,141.38
285050,Tokachidake,Stratovolcano(es),Eruption Observed,2004 CE,2077,43.418,142.686
285060,Taisetsuzan,Stratovolcano(es),Eruption Dated,1739 CE,2291,43.664,142.854
285061,Maruyama,Stratovolcano(es),Eruption Observed,1898 CE,2013,43.418,143.031
285070,Akan,Caldera,Eruption Observed,2008 CE,1499,43.384,144.013
285080,Kussharo,Caldera,Eruption Dated,1320 CE,574,43.615,144.427
285081,Mashu,Caldera,Eruption Dated,1080 CE,857,43.572,144.561
285082,Rausudake,Stratovolcano,Eruption Dated,1800 CE,1660,44.076,145.122
285083,Tenchozan,Crater rows,Eruption Dated,Unknown,1046,44.044,145.086
285090,Shiretoko-Iozan,Stratovolcano,Eruption Observed,1936 CE,1562,44.133,145.161
290010,Tomariyama [Golovnin],Caldera,Eruption Observed,1848 CE,535,43.844,145.504
290020,Raususan [Mendeleev],Stratovolcano,Eruption Observed,1880 CE,882,43.979,145.733
290030,Chachadake [Tiatia],Stratovolcano,Eruption Observed,1981 CE,1822,44.353,146.252
290050,Etorofu-Atosanupuri [Atosanupuri],Stratovolcano,Eruption Observed,1932 CE,1206,44.808,147.131
290070,Etorofu-Yakeyama [Grozny Group],Complex(es),Eruption Observed,2013 CE,1158,45.012,147.871
290080,Sashiusudake [Baransky],Stratovolcano,Eruption Observed,1951 CE,1125,45.1,148.019
290090,Chirippusan [Chirip],Stratovolcano(es),Eruption Observed,1860 CE,1587,45.338,147.92
290100,Moyorodake [Medvezhia],Stratovolcano,Eruption Observed,1999 CE,1124,45.389,148.838
290120,Kolokol Group,Stratovolcano,Eruption Observed,1973 CE,1328,46.042,150.083
290150,Chirpoi,Caldera,Eruption Observed,2016 CE,742,46.532,150.871
290160,Unnamed,Submarine,Eruption Dated,1972 CE,-502,46.47,151.28
290161,Milna,Stratovolcano,Eruption Observed,1914 CE,1504,46.815,151.786
290180,Zavaritzki Caldera,Caldera,Eruption Observed,1957 CE,624,46.925,151.95
290190,Prevo Peak,Stratovolcano,Eruption Observed,1825 CE,1360,47.02,152.12
290200,Ketoi,Stratovolcano,Eruption Observed,1960 CE,1172,47.35,152.475
290210,Ushishur,Caldera,Eruption Observed,1884 CE,401,47.52,152.8
290220,Rasshua,Stratovolcano,Eruption Observed,1957 CE,956,47.77,153.02
290240,Sarychev Peak,Stratovolcano,Eruption Observed,2021 CE,1496,48.092,153.2
290250,Raikoke,Stratovolcano,Eruption Observed,2019 CE,551,48.292,153.25
290260,Chirinkotan,Stratovolcano,Eruption Observed,2017 CE,724,48.98,153.48
290270,Ekarma,Stratovolcano,Eruption Observed,2010 CE,1170,48.958,153.93
290290,Sinarka,Stratovolcano,Eruption Observed,1878 CE,911,48.873,154.182
290300,Kharimkotan,Stratovolcano,Eruption Observed,1933 CE,1145,49.12,154.508
290310,Tao-Rusyr Caldera,Stratovolcano,Eruption Observed,1952 CE,1325,49.35,154.7
290320,Nemo Peak,Caldera,Eruption Observed,1938 CE,1018,49.57,154.808
290340,Fuss Peak,Stratovolcano,Eruption Observed,1854 CE,1742,50.267,155.246
290350,Karpinsky Group,Cone(s),Eruption Observed,1952 CE,1326,50.148,155.373
290360,Chikurachki,Stratovolcano(es),Eruption Observed,2016 CE,1781,50.324,155.461
290380,Ebeko,Stratovolcano,Eruption Observed,2021 CE,1103,50.686,156.014
290390,Alaid,Stratovolcano,Eruption Observed,2018 CE,2285,50.861,155.565
300010,Kambalny,Stratovolcano,Eruption Dated,2017 CE,2116,51.306,156.875
300020,Koshelev,Stratovolcano,Eruption Observed,1690 CE,1822,51.356,156.753
300022,Diky Greben,Lava dome(s),Eruption Dated,350 CE,1040,51.452,156.978
300030,Iliinsky,Stratovolcano,Eruption Observed,1901 CE,1555,51.498,157.203
300040,Zheltovsky,Stratovolcano,Eruption Observed,1923 CE,1926,51.577,157.328
300050,Ksudach,Stratovolcano,Eruption Observed,1907 CE,1079,51.844,157.572
300060,Mutnovsky,Complex,Eruption Observed,2000 CE,2288,52.449,158.196
300070,Gorely,Caldera,Eruption Observed,2010 CE,1799,52.559,158.03
300080,Opala,Caldera,Eruption Observed,1776 CE,2439,52.543,157.339
300082,Tolmachev Dol,Pyroclastic cone(s),Eruption Dated,300 CE,1021,52.63,157.58
300090,Koryaksky,Stratovolcano,Eruption Observed,2009 CE,3430,53.321,158.712
300100,Avachinsky,Stratovolcano,Eruption Observed,2001 CE,2717,53.256,158.836
300120,Zhupanovsky,Compound,Eruption Observed,2016 CE,2899,53.589,159.15
300121,Veer,Pyroclastic cone(s),Eruption Dated,390 CE,520,53.75,158.45
300122,Kostakan,Pyroclastic cone(s),Eruption Dated,1350 CE,1150,53.83,158.05
300125,Akademia Nauk,Stratovolcano(es),Eruption Observed,1996 CE,1180,53.98,159.45
300130,Karymsky,Stratovolcano,Eruption Observed,2021 CE,1513,54.049,159.443
300140,Maly Semyachik,Caldera,Eruption Observed,1952 CE,1527,54.135,159.674
300170,Uzon,Caldera(s),Eruption Dated,200 CE,1617,54.5,159.97
300180,Kikhpinych,Stratovolcano(es),Eruption Dated,1550 CE,1515,54.489,160.251
300190,Krasheninnikov,Caldera,Eruption Dated,1550 CE,1816,54.596,160.27
300200,Kronotsky,Stratovolcano,Eruption Observed,1923 CE,3482,54.753,160.533
300220,Komarov,Stratovolcano,Eruption Dated,950 CE,2065,55.033,160.725
300230,Kizimen,Stratovolcano,Eruption Observed,2013 CE,2334,55.131,160.32
300240,Tolbachik,Shield,Eruption Observed,2013 CE,3611,55.832,160.326
300250,Bezymianny,Stratovolcano,Eruption Observed,2021 CE,2882,55.972,160.595
300260,Klyuchevskoy,Stratovolcano,Eruption Observed,2021 CE,4754,56.056,160.642
300261,Ushkovsky,Compound,Eruption Observed,1890 CE,3943,56.113,160.509
300270,Sheveluch,Stratovolcano,Eruption Observed,2021 CE,3283,56.653,161.36
300272,Khangar,Stratovolcano,Eruption Dated,1500 CE,1967,54.761,157.407
300280,Ichinsky,Stratovolcano,Eruption Observed,1740 CE,3596,55.678,157.718
300450,Alney-Chashakondzha,Stratovolcano,Eruption Dated,1600 CE,2570,56.656,159.647
300550,Gorny Institute,Stratovolcano,Eruption Dated,1250 CE,2125,57.33,160.2
300551,Kinenin,Maar,Eruption Dated,850 CE,583,57.35,160.97
304030,Kunlun Volcanic Group,Pyroclastic cone(s),Eruption Observed,1951 CE,5808,35.52,80.2
305011,Arxan-Chaihe,Pyroclastic cone(s),Eruption Dated,0 CE,1677,47.45,120.8
305030,Wudalianchi,Volcanic field,Eruption Observed,1776 CE,597,48.722,126.15
305050,Longgang Group,Pyroclastic cone(s),Eruption Dated,350 CE,1000,42.33,126.5
305060,Changbaishan,Stratovolcano,Eruption Observed,1903 CE,2744,41.98,128.08
306040,Halla,Shield,Eruption Observed,1007 CE,1919,33.361,126.53
311020,Kiska,Stratovolcano,Eruption Observed,1990 CE,1220,52.103,177.602
311050,Little Sitkin,Stratovolcano,Eruption Observed,1830 CE,1174,51.95,178.543
311060,Semisopochnoi,Stratovolcano,Eruption Observed,2021 CE,1221,51.93,179.58
311070,Gareloi,Stratovolcano,Eruption Observed,1989 CE,1573,51.79,-178.794
311080,Tanaga,Stratovolcano(es),Eruption Observed,1914 CE,1806,51.885,-178.146
311090,Takawangha,Stratovolcano,Eruption Dated,1550 CE,1449,51.873,-178.006
311110,Kanaga,Stratovolcano,Eruption Observed,2012 CE,1307,51.923,-177.168
311120,Great Sitkin,Stratovolcano,Eruption Observed,2019 CE,1740,52.076,-176.13
311130,Kasatochi,Stratovolcano,Eruption Observed,2008 CE,314,52.177,-175.508
311160,Atka,Stratovolcano(es),Eruption Observed,1812 CE,1448,52.331,-174.139
311161,Korovin,Stratovolcano(es),Eruption Observed,2007 CE,1518,52.381,-174.166
311180,Seguam,Stratovolcano(es),Eruption Observed,1993 CE,1054,52.315,-172.51
311190,Amukta,Stratovolcano,Eruption Observed,1997 CE,1066,52.5,-171.252
311210,Yunaska,Shield,Eruption Observed,1937 CE,550,52.643,-170.629
311230,Carlisle,Stratovolcano,Eruption Observed,1828 CE,1620,52.894,-170.054
311240,Cleveland,Stratovolcano,Eruption Observed,2020 CE,1730,52.825,-169.944
311260,Kagamil,Stratovolcano,Eruption Observed,1929 CE,893,52.974,-169.72
311270,Vsevidof,Stratovolcano,Eruption Observed,1878 CE,2149,53.13,-168.693
311290,Okmok,Shield,Eruption Observed,2008 CE,1073,53.43,-168.13
311300,Bogoslof,Submarine,Eruption Observed,2017 CE,150,53.93,-168.03
311310,Makushin,Stratovolcano,Eruption Observed,1995 CE,1800,53.891,-166.923
311320,Akutan,Stratovolcano,Eruption Observed,1992 CE,1303,54.134,-165.986
311340,Westdahl,Stratovolcano?,Eruption Observed,1992 CE,1563,54.516,-164.65
311350,Fisher,Stratovolcano,Eruption Observed,1830 CE,1112,54.65,-164.43
311360,Shishaldin,Stratovolcano,Eruption Observed,2020 CE,2857,54.756,-163.97
311390,Amak,Stratovolcano,Eruption Observed,1796 CE,488,55.424,-163.149
312030,Pavlof,Stratovolcano,Eruption Observed,2016 CE,2493,55.417,-161.894
312070,Veniaminof,Stratovolcano,Eruption Observed,2021 CE,2507,56.17,-159.38
312090,Aniakchak,Caldera,Eruption Observed,1931 CE,1341,56.88,-158.17
312110,Chiginagak,Stratovolcano,Eruption Observed,1998 CE,2221,57.135,-156.99
312130,Ugashik-Peulik,Stratovolcano,Eruption Observed,1814 CE,1474,57.751,-156.368
312131,Ukinrek Maars,Maar(s),Eruption Observed,1977 CE,91,57.832,-156.51
312140,Martin,Stratovolcano,Eruption Dated,1953 CE,1863,58.172,-155.361
312160,Trident,Stratovolcano,Eruption Observed,1974 CE,1864,58.236,-155.1
312170,Katmai,Stratovolcano,Eruption Observed,1912 CE,2047,58.28,-154.963
312180,Novarupta,Caldera,Eruption Observed,1912 CE,841,58.27,-155.157
312200,Snowy Mountain,Stratovolcano(es),Eruption Dated,1710 CE,2162,58.336,-154.682
312260,Fourpeaked,Stratovolcano,Eruption Observed,2006 CE,2105,58.77,-153.672
313010,Augustine,Lava dome(s),Eruption Observed,2006 CE,1252,59.363,-153.43
313020,Iliamna,Stratovolcano,Eruption Observed,1876 CE,3053,60.032,-153.09
313030,Redoubt,Stratovolcano,Eruption Observed,2009 CE,3108,60.485,-152.742
313040,Spurr,Stratovolcano,Eruption Observed,1992 CE,3374,61.299,-152.251
313050,Hayes,Stratovolcano,Eruption Dated,1200 CE,3034,61.64,-152.411
314060,Imuruk Lake,Shield(s),Eruption Dated,300 CE,610,65.517,-163.45
315020,Wrangell,Shield,Eruption Observed,1912 CE,4278,62.006,-144.017
315030,Churchill,Stratovolcano,Eruption Dated,847 CE,5005,61.38,-141.75
320060,Edziza,Stratovolcano,Eruption Dated,950 CE,2786,57.72,-130.63
320090,Iskut-Unuk River Cones,Pyroclastic cone(s),Eruption Dated,1800 CE,1880,56.58,-130.55
320100,Tseax River Cone,Pyroclastic cone,Eruption Dated,1690 CE,609,55.12,-128.9
320150,Wells Gray-Clearwater,Pyroclastic cone(s),Eruption Dated,1550 CE,2576,52.33,-120.57
321010,Baker,Stratovolcano(es),Eruption Observed,1880 CE,3285,48.777,-121.813
321020,Glacier Peak,Stratovolcano,Eruption Dated,1700 CE,3213,48.112,-121.113
321030,Rainier,Stratovolcano,Eruption Dated,1450 CE,4392,46.853,-121.76
321040,Adams,Stratovolcano,Eruption Dated,950 CE,3742,46.206,-121.49
321050,St. Helens,Stratovolcano,Eruption Observed,2008 CE,2549,46.2,-122.18
322010,Hood,Stratovolcano,Eruption Observed,1866 CE,3426,45.374,-121.695
322020,Jefferson,Stratovolcano,Eruption Dated,950 CE,3199,44.674,-121.8
322030,Blue Lake Crater,Maar,Eruption Dated,680 CE,1230,44.411,-121.774
322060,Belknap,Shield(s),Eruption Dated,480 CE,2095,44.285,-121.841
322070,Three Sisters,Complex,Eruption Dated,440 CE,3159,44.133,-121.767
322110,Newberry,Shield,Eruption Dated,690 CE,2434,43.722,-121.229
323010,Shasta,Stratovolcano,Eruption Observed,1250 CE,4317,41.409,-122.193
323020,Medicine Lake,Shield,Eruption Dated,1060 CE,2412,41.611,-121.554
323080,Lassen Volcanic Center,Stratovolcano,Eruption Observed,1917 CE,3187,40.492,-121.508
323110,Mono Lake Volcanic Field,Pyroclastic cone(s),Eruption Dated,1790 CE,2121,38,-119.03
323120,Mono-Inyo Craters,Lava dome(s),Eruption Dated,1380 CE,2796,37.804,-119.029
323150,Mammoth Mountain,Lava dome(s),Eruption Dated,1260 CE,3369,37.631,-119.032
323200,Salton Buttes,Lava dome(s),Eruption Dated,210 CE,-40,33.197,-115.616
327050,Black Rock Desert,Volcanic field,Eruption Dated,1290 CE,1800,38.97,-112.5
329010,Uinkaret Field,Volcanic field,Eruption Dated,1100 CE,1555,36.38,-113.13
329020,San Francisco Volcanic Field,Pyroclastic cone,Eruption Dated,1075 CE,3850,35.347,-111.678
331020,CoAxial Segment,Submarine,Eruption Observed,1993 CE,-2400,46.52,-129.58
331021,Axial Seamount,Submarine,Eruption Observed,2015 CE,-1410,45.95,-130
331030,Cleft Segment,Submarine,Eruption Observed,1986 CE,-2140,44.83,-130.3
331031,North Gorda Ridge Segment,Submarine,Eruption Observed,1996 CE,-3000,42.67,-126.78
332000,Loihi,Submarine,Eruption Observed,1996 CE,-975,18.92,-155.27
332010,Kilauea,Shield,Eruption Observed,2021 CE,1222,19.421,-155.287
332020,Mauna Loa,Shield,Eruption Observed,1984 CE,4170,19.475,-155.608
332040,Hualalai,Shield,Eruption Observed,1801 CE,2523,19.692,-155.87
332060,Haleakala,Shield,Eruption Dated,1750 CE,3055,20.708,-156.25
333010,Teahitia,Submarine,Eruption Dated,1985 CE,-1743,-17.564,-148.821
333020,Rocard,Submarine,Eruption Dated,1972 CE,-2515,-17.662,-148.586
333030,Moua Pihaa,Submarine,Eruption Dated,1970 CE,-312,-18.325,-148.525
333060,Macdonald,Submarine,Eruption Observed,1989 CE,-39,-28.98,-140.25
334040,Northern EPR at 10.7°N,Submarine,Eruption Observed,2003 CE,-2900,10.73,-103.58
334050,Northern EPR at 9.8°N,Submarine,Eruption Observed,2006 CE,-2500,9.83,-104.3
334070,Galapagos Rift,Submarine,Eruption Observed,1996 CE,-2430,0.792,-86.15
334100,Southern EPR at 8°S,Submarine,Eruption Observed,1969 CE,-2800,-8.27,-107.95
334120,Southern EPR-Segment K,Submarine,Eruption Observed,1990 CE,-2566,-17.436,-113.206
334130,Southern EPR-Segment J,Submarine,Eruption Dated,1890 CE,-2650,-18.175,-113.35
334140,Southern EPR-Segment I,Submarine,Eruption Dated,1915 CE,-2600,-18.53,-113.42
341020,Barcena,Pyroclastic cone(s),Eruption Observed,1953 CE,332,19.3,-110.82
341021,Socorro,Shield,Eruption Observed,1994 CE,1050,18.78,-110.95
341030,Ceboruco,Stratovolcano,Eruption Observed,1875 CE,2280,21.125,-104.508
341040,Colima,Stratovolcano(es),Eruption Observed,2019 CE,3850,19.514,-103.62
341060,Michoacan-Guanajuato,Pyroclastic cone(s),Eruption Observed,1952 CE,3860,19.85,-101.75
341062,Jocotitlan,Stratovolcano,Eruption Dated,1270 CE,3900,19.73,-99.758
341080,Chichinautzin,Volcanic field,Eruption Dated,400 CE,3930,19.08,-99.13
341090,Popocatepetl,Stratovolcano(es),Eruption Observed,2021 CE,5393,19.023,-98.622
341096,Cofre de Perote,Shield(s),Eruption Dated,1150 CE,4282,19.492,-97.15
341100,"Orizaba, Pico de",Stratovolcano,Eruption Observed,1846 CE,5564,19.03,-97.27
341110,San Martin,Shield,Eruption Observed,1796 CE,1650,18.57,-95.2
341120,"Chichon, El",Lava dome(s),Eruption Observed,1982 CE,1150,17.36,-93.228
341130,Tacana,Stratovolcano,Eruption Observed,1986 CE,4064,15.132,-92.109
342030,Santa Maria,Stratovolcano,Eruption Observed,2021 CE,3745,14.757,-91.552
342040,Almolonga,Stratovolcano,Eruption Observed,1818 CE,3173,14.797,-91.519
342060,Atitlan,Stratovolcano(es),Eruption Observed,1853 CE,3535,14.583,-91.186
342080,Acatenango,Stratovolcano(es),Eruption Observed,1972 CE,3976,14.501,-90.876
342090,Fuego,Stratovolcano(es),Eruption Observed,2021 CE,3763,14.473,-90.88
342110,Pacaya,Complex,Eruption Observed,2021 CE,2569,14.382,-90.601
343020,Santa Ana,Stratovolcano,Eruption Observed,2005 CE,2381,13.853,-89.63
343030,Izalco,Stratovolcano,Eruption Observed,1966 CE,1950,13.813,-89.633
343050,San Salvador,Stratovolcano,Eruption Observed,1917 CE,1893,13.734,-89.294
343060,Ilopango,Caldera,Eruption Observed,1880 CE,450,13.672,-89.053
343100,San Miguel,Stratovolcano,Eruption Observed,2020 CE,2130,13.434,-88.269
344010,Cosiguina,Stratovolcano,Eruption Observed,1859 CE,872,12.98,-87.57
344020,San Cristobal,Stratovolcano,Eruption Observed,2021 CE,1745,12.702,-87.004
344040,Telica,Stratovolcano(es),Eruption Observed,2020 CE,1036,12.606,-86.84
344070,"Negro, Cerro",Pyroclastic cone(s),Eruption Observed,1999 CE,728,12.506,-86.702
344080,"Pilas, Las",Complex,Eruption Observed,1954 CE,1088,12.495,-86.688
344090,Momotombo,Stratovolcano,Eruption Observed,2016 CE,1270,12.423,-86.539
344092,Nejapa-Miraflores,Fissure vent(s),Eruption Dated,1060 CE,360,12.12,-86.32
344100,Masaya,Caldera,Eruption Observed,2021 CE,594,11.985,-86.165
344120,Concepcion,Stratovolcano,Eruption Observed,2011 CE,1700,11.538,-85.622
345020,Rincon de la Vieja,Complex,Eruption Observed,2020 CE,1916,10.83,-85.324
345030,Miravalles,Stratovolcano,Eruption Observed,1946 CE,2028,10.748,-85.153
345033,Arenal,Stratovolcano,Eruption Observed,2010 CE,1670,10.463,-84.703
345040,Poas,Stratovolcano,Eruption Observed,2019 CE,2708,10.2,-84.233
345060,Irazu,Stratovolcano,Eruption Observed,1994 CE,3432,9.979,-83.852
345070,Turrialba,Stratovolcano,Eruption Observed,2020 CE,3340,10.025,-83.767
346010,Baru,Stratovolcano,Eruption Observed,1550 CE,3474,8.808,-82.543
351012,"Bravo, Cerro",Stratovolcano,Eruption Dated,1720 CE,3985,5.091,-75.293
351020,"Ruiz, Nevado del",Stratovolcano,Eruption Observed,2021 CE,5279,4.892,-75.324
351030,"Tolima, Nevado del",Stratovolcano,Eruption Observed,1943 CE,5215,4.658,-75.33
351040,Machin,Stratovolcano,Eruption Dated,1180 CE,2749,4.487,-75.389
351050,"Huila, Nevado del",Stratovolcano,Eruption Observed,2012 CE,5364,2.93,-76.03
351060,Purace,Stratovolcano(es),Eruption Observed,1977 CE,4650,2.32,-76.4
351070,Dona Juana,Stratovolcano,Eruption Observed,1906 CE,4137,1.5,-76.936
351080,Galeras,Complex,Eruption Observed,2014 CE,4276,1.22,-77.37
351100,Cumbal,Stratovolcano,Eruption Observed,1926 CE,4764,0.95,-77.87
352003,Cuicocha,Caldera,Eruption Dated,650 CE,3246,0.308,-78.364
352006,Cayambe,Compound,Eruption Observed,1786 CE,5790,0.029,-77.986
352010,Reventador,Stratovolcano,Eruption Observed,2021 CE,3562,-0.077,-77.656
352011,Pululahua,Caldera,Eruption Dated,290 CE,3356,0.038,-78.463
352020,Guagua Pichincha,Stratovolcano,Eruption Observed,2002 CE,4784,-0.171,-78.598
352022,Chacana,Caldera,Eruption Observed,1773 CE,4643,-0.375,-78.25
352030,Antisana,Stratovolcano,Eruption Observed,1802 CE,5753,-0.481,-78.141
352050,Cotopaxi,Stratovolcano,Eruption Observed,2016 CE,5911,-0.677,-78.436
352060,Quilotoa,Caldera,Eruption Dated,1280 CE,3914,-0.85,-78.9
352071,Chimborazo,Stratovolcano,Eruption Dated,550 CE,6310,-1.464,-78.815
352080,Tungurahua,Stratovolcano,Eruption Observed,2016 CE,5023,-1.467,-78.442
352090,Sangay,Stratovolcano,Eruption Observed,2021 CE,5286,-2.005,-78.341
353010,Fernandina,Shield,Eruption Observed,2020 CE,1476,-0.37,-91.55
353011,Ecuador,Shield,Eruption Dated,1150 CE,790,-0.02,-91.546
353020,Wolf,Shield,Eruption Observed,2015 CE,1710,0.02,-91.35
353030,Darwin,Shield,Eruption Dated,1813 CE,1330,-0.18,-91.28
353040,Alcedo,Shield,Eruption Observed,1993 CE,1130,-0.43,-91.12
353050,"Negra, Sierra",Shield,Eruption Observed,2018 CE,1124,-0.83,-91.17
353060,"Azul, Cerro",Shield,Eruption Observed,2008 CE,1640,-0.92,-91.408
353070,Pinta,Shield,Eruption Observed,1928 CE,780,0.58,-90.75
353080,Marchena,Shield,Eruption Observed,1991 CE,343,0.33,-90.47
353090,Santiago,Shield,Eruption Observed,1906 CE,920,-0.22,-90.77
354004,Andahua-Orcopampa,Pyroclastic cone(s),Eruption Dated,1490 CE,4713,-15.42,-72.33
354006,Sabancaya,Stratovolcano(es),Eruption Observed,2021 CE,5960,-15.787,-71.857
354010,"Misti, El",Stratovolcano,Eruption Observed,1985 CE,5822,-16.294,-71.409
354020,Ubinas,Stratovolcano,Eruption Observed,2019 CE,5672,-16.355,-70.903
354030,Huaynaputina,Stratovolcano,Eruption Observed,1600 CE,4850,-16.608,-70.85
354031,Ticsani,Lava dome(s),Eruption Dated,1800 CE,5408,-16.755,-70.595
354040,Tutupaca,Stratovolcano(es),Eruption Observed,1802 CE,5801,-17.026,-70.372
355012,Parinacota,Stratovolcano,Eruption Dated,290 CE,6336,-18.166,-69.142
355020,Guallatiri,Stratovolcano,Eruption Observed,1960 CE,6071,-18.42,-69.092
355030,Isluga,Stratovolcano,Eruption Observed,1913 CE,5550,-19.15,-68.83
355040,Irruputuncu,Stratovolcano,Eruption Observed,1995 CE,5163,-20.73,-68.55
355050,Olca-Paruma,Stratovolcano(es),Eruption Observed,Unknown,5705,-20.939,-68.413
355070,San Pedro-San Pablo,Stratovolcano(es),Eruption Observed,1960 CE,6142,-21.888,-68.391
355090,Putana,Stratovolcano,Eruption Observed,1810 CE,5884,-22.557,-67.853
355100,Lascar,Stratovolcano(es),Eruption Observed,2017 CE,5592,-23.37,-67.73
355110,Llullaillaco,Stratovolcano,Eruption Observed,1877 CE,6739,-24.72,-68.53
355130,"Ojos del Salado, Nevados",Stratovolcano,Eruption Dated,750 CE,6879,-27.109,-68.541
357010,Tupungatito,Stratovolcano,Eruption Observed,1987 CE,5660,-33.425,-69.797
357020,San Jose,Stratovolcano(es),Eruption Observed,1960 CE,6070,-33.789,-69.895
357021,Maipo,Caldera,Eruption Observed,1912 CE,5323,-34.164,-69.832
357030,Tinguiririca,Stratovolcano,Eruption Observed,1917 CE,4280,-34.814,-70.352
357040,Planchon-Peteroa,Stratovolcano(es),Eruption Observed,2019 CE,3977,-35.223,-70.568
357050,Descabezado Grande,Stratovolcano(es),Eruption Observed,1933 CE,3953,-35.58,-70.75
357060,"Azul, Cerro",Stratovolcano,Eruption Observed,1967 CE,3788,-35.653,-70.761
357070,"Chillan, Nevados de",Stratovolcano,Eruption Observed,2021 CE,3180,-36.868,-71.378
357072,Tromen,Stratovolcano(es),Eruption Observed,1822 CE,4114,-37.144,-70.033
357080,Antuco,Stratovolcano,Eruption Observed,1869 CE,2979,-37.406,-71.349
357090,Copahue,Stratovolcano,Eruption Observed,2020 CE,2953,-37.856,-71.183
357091,Callaqui,Stratovolcano,Eruption Observed,1980 CE,3164,-37.92,-71.45
357100,Lonquimay,Stratovolcano,Eruption Observed,1990 CE,2832,-38.379,-71.586
357110,Llaima,Stratovolcano,Eruption Observed,2009 CE,3125,-38.692,-71.729
357111,Sollipulli,Caldera,Eruption Dated,1240 CE,2282,-38.97,-71.52
357120,Villarrica,Stratovolcano,Eruption Observed,2021 CE,2847,-39.42,-71.93
357121,Quetrupillan,Stratovolcano,Eruption Dated,255 CE,2360,-39.496,-71.722
357122,Lanin,Stratovolcano,Eruption Dated,560 CE,3776,-39.637,-71.502
357123,Huanquihue Group,Stratovolcano(es),Eruption Dated,1750 CE,2189,-39.887,-71.58
357130,Mocho-Choshuenco,Stratovolcano(es),Eruption Observed,1937 CE,2422,-39.927,-72.027
357140,Carran-Los Venados,Pyroclastic cone(s),Eruption Observed,1979 CE,1114,-40.35,-72.07
357150,Puyehue-Cordon Caulle,Stratovolcano,Eruption Observed,2012 CE,2236,-40.59,-72.117
357160,Puntiagudo-Cordon Cenizos,Stratovolcano,Eruption Observed,1850 CE,2493,-40.969,-72.264
358010,Osorno,Stratovolcano,Eruption Observed,1869 CE,2659,-41.105,-72.496
358020,Calbuco,Stratovolcano,Eruption Observed,2015 CE,1974,-41.33,-72.618
358022,Yate,Stratovolcano,Eruption Dated,1090 CE,2187,-41.755,-72.396
358023,Hornopiren,Stratovolcano,Eruption Dated,340 CE,1572,-41.874,-72.431
358030,Huequi,Lava dome(s),Eruption Observed,1920 CE,1318,-42.377,-72.578
358040,Michinmahuida,Stratovolcano,Eruption Observed,1835 CE,2452,-42.799,-72.445
358041,Chaiten,Caldera,Eruption Observed,2011 CE,1122,-42.833,-72.646
358052,Melimoyu,Stratovolcano,Eruption Dated,200 CE,2400,-44.08,-72.88
358054,Mentolat,Stratovolcano,Eruption Observed,1710 CE,1660,-44.7,-73.08
358056,Maca,Stratovolcano,Eruption Dated,1560 CE,2960,-45.1,-73.17
358057,"Hudson, Cerro",Stratovolcano,Eruption Observed,2011 CE,1905,-45.9,-72.97
358060,Lautaro,Stratovolcano,Eruption Observed,1979 CE,3542,-49.019,-73.504
358063,Reclus,Pyroclastic cone,Eruption Observed,1908 CE,1000,-50.964,-73.585
358070,"Burney, Monte",Stratovolcano,Eruption Observed,1910 CE,1758,-52.33,-73.4
358090,Fueguino,Lava dome(s),Eruption Observed,1820 CE,157,-54.97,-70.262
360010,Saba,Stratovolcano,Eruption Observed,1640 CE,887,17.63,-63.23
360020,"Quill, The",Stratovolcano,Eruption Dated,250 CE,601,17.478,-62.96
360030,Liamuiga,Stratovolcano,Eruption Dated,160 CE,1156,17.37,-62.8
360050,Soufriere Hills,Stratovolcano,Eruption Observed,2013 CE,915,16.72,-62.18
360060,Soufriere Guadeloupe,Stratovolcano,Eruption Observed,1977 CE,1467,16.044,-61.664
360100,"Trois Pitons, Morne",Complex,Eruption Dated,920 CE,1387,15.37,-61.33
360101,"Watt, Morne",Stratovolcano(es),Eruption Observed,1997 CE,1224,15.307,-61.305
360110,"Plat Pays, Morne",Stratovolcano,Eruption Dated,1270 CE,940,15.255,-61.341
360120,Pelee,Stratovolcano,Eruption Observed,1932 CE,1394,14.809,-61.165
360140,Qualibou,Caldera,Eruption Observed,1766 CE,777,13.83,-61.05
360150,Soufriere St. Vincent,Stratovolcano,Eruption Observed,2021 CE,1220,13.33,-61.18
360160,Kick 'em Jenny,Submarine,Eruption Observed,2017 CE,-185,12.3,-61.64
370010,Snaefellsjokull,Stratovolcano,Eruption Dated,200 CE,1446,64.8,-23.783
370030,Ljosufjoll,Fissure vent(s),Eruption Dated,960 CE,1063,64.9,-22.483
371020,Reykjanes,Crater rows,Eruption Observed,1831 CE,140,63.817,-22.717
371030,Krysuvik-Trolladyngja,Crater rows,Eruption Observed,2021 CE,360,63.917,-22.067
371040,Brennisteinsfjoll,Crater rows,Eruption Observed,1341 CE,610,63.933,-21.783
371050,Hengill,Crater rows,Eruption Dated,150 CE,803,64.083,-21.416
371080,Langjokull,Subglacial,Eruption Dated,950 CE,1100,64.85,-19.7
372010,Vestmannaeyjar,Submarine,Eruption Observed,1973 CE,283,63.416,-20.266
372020,Eyjafjallajokull,Stratovolcano,Eruption Observed,2010 CE,1651,63.633,-19.633
372030,Katla,Subglacial,Eruption Observed,1918 CE,1490,63.633,-19.083
372050,Torfajokull,Stratovolcano,Eruption Observed,1477 CE,1280,63.892,-19.122
372070,Hekla,Stratovolcano,Eruption Observed,2000 CE,1490,63.983,-19.666
373010,Grimsvotn,Caldera,Eruption Observed,2011 CE,1719,64.416,-17.316
373030,Bardarbunga,Stratovolcano,Eruption Observed,2015 CE,2000,64.633,-17.516
373050,Kverkfjoll,Stratovolcano,Eruption Observed,1968 CE,1930,64.653,-16.647
373060,Askja,Stratovolcano,Eruption Observed,1961 CE,1080,65.033,-16.783
373080,Krafla,Caldera,Eruption Observed,1984 CE,800,65.715,-16.728
373100,Tjornes Fracture Zone,Submarine,Eruption Observed,1868 CE,-75,66.309,-17.118
374010,Oraefajokull,Stratovolcano,Eruption Observed,1728 CE,2010,64.05,-16.633
375010,Kolbeinsey Ridge,Submarine,Eruption Observed,1755 CE,5,66.67,-18.5
376010,Jan Mayen,Stratovolcano,Eruption Observed,1985 CE,2197,71.082,-8.155
381040,Pico Fracture Zone,Submarine,Eruption Observed,1865 CE,-4200,38.75,-38.08
382010,Fayal,Stratovolcano,Eruption Observed,1958 CE,1043,38.6,-28.73
382020,Pico,Stratovolcano,Eruption Observed,1720 CE,2351,38.47,-28.4
382030,San Jorge,Fissure vent,Eruption Observed,1907 CE,1053,38.65,-28.08
382050,Terceira,Stratovolcano(es),Eruption Observed,2000 CE,1023,38.73,-27.32
382070,Don Joao de Castro Bank,Submarine,Eruption Observed,1720 CE,-13,38.23,-26.63
382080,Sete Cidades,Stratovolcano,Eruption Observed,1880 CE,856,37.87,-25.78
382081,Picos Volcanic System,Pyroclastic cone(s),Eruption Observed,1652 CE,350,37.78,-25.67
382090,Agua de Pau,Stratovolcano,Eruption Observed,1564 CE,947,37.77,-25.47
382100,Furnas,Stratovolcano,Eruption Observed,1630 CE,805,37.77,-25.32
382110,Monaco Bank,Submarine,Eruption Observed,1911 CE,-197,37.6,-25.88
383010,La Palma,Stratovolcano(es),Eruption Observed,1971 CE,2426,28.57,-17.83
383020,Hierro,Shield,Eruption Observed,2012 CE,1500,27.73,-18.03
383030,Tenerife,Stratovolcano,Eruption Observed,1909 CE,3715,28.271,-16.641
383040,Gran Canaria,Fissure vent(s),Eruption Dated,40 CE,1950,28,-15.58
383060,Lanzarote,Fissure vent(s),Eruption Observed,1824 CE,670,29.03,-13.63
384010,Fogo,Stratovolcano,Eruption Observed,2015 CE,2829,14.95,-24.35
385050,Ascension,Stratovolcano,Eruption Dated,1508 CE,858,-7.95,-14.37
385052,Walvis Ridge at 33°S,Submarine,Eruption Observed,2002 CE,-1200,-32.958,-5.22
386010,Tristan da Cunha,Shield,Eruption Observed,1962 CE,2060,-37.092,-12.28
386011,Nightingale Island,Stratovolcano,Eruption Observed,2004 CE,365,-37.42,-12.48
390010,Buckle Island,Stratovolcano,Eruption Observed,1899 CE,1239,-66.78,163.25
390015,Melbourne,Stratovolcano,Eruption Dated,1892 CE,2732,-74.35,164.7
390020,Erebus,Stratovolcano,Eruption Observed,2021 CE,3794,-77.53,167.17
390030,Deception Island,Caldera,Eruption Observed,1970 CE,602,-63.001,-60.652
390031,Penguin Island,Stratovolcano,Eruption Observed,1905 CE,180,-62.1,-57.93
390070,Southern Thule,Stratovolcano(es),Eruption Observed,1975 CE,1075,-59.442,-27.225
390080,Bristol Island,Stratovolcano,Eruption Observed,2016 CE,1100,-59.017,-26.533
390081,Montagu Island,Shield,Eruption Observed,2007 CE,1370,-58.445,-26.374
390090,Saunders,Stratovolcano,Eruption Observed,2021 CE,843,-57.8,-26.483
390100,Candlemas Island,Stratovolcano,Eruption Observed,1911 CE,550,-57.08,-26.67
390130,Zavodovski,Stratovolcano,Eruption Observed,2016 CE,551,-56.3,-27.57
390140,Protector Seamounts,Submarine,Eruption Observed,1962 CE,-55,-55.912,-28.167
